depositor_address,glm_locked_balance
0x9e831b58001e2b69f70c892e4f8ce9d2118b7e00,9.4501e+07
0x2383a8b8cc8561a65871f1d2783b7c52e22b62c1,1.5e+07
0x25854e2a49a6cdaec7f0505b4179834509038549,7.238214581846097e+06
0xda08be028304db1a73a13bce7c943127c2e393db,5.122680031652346e+06
0xf517529866d371f04780885923f739bc17694bfb,3.65e+06
0x3352a3277d2b74a773fa6e68a625fcb18e4fc282,3.4799999999999995e+06
0x93b109c3c279bcbbb673ed1ae1a8bb2de8eef9da,3.2699901772999996e+06
0xebf0e04e47f726d0f44801dfec5e705adcd6694b,2.0403313882023413e+06
0xe70055e9575f15a6f51f3068901d73ac63952adf,1.98096937721831e+06
0x4aa51a723882ee676fec444d4561c5ee16c339e9,1.7948532046338199e+06
0x51c1c7f1e168a36bf1fabfd91e98b43476a6b14d,1.29e+06
0x150bb505a9259b0be44ffb15415c79199e83c445,1.1999999999999998e+06
0x31d23825afbda5b6b1690bbdbbb8117b5ea0f8e4,1.099988e+06
0x01b7348ec3fb20ab1f40b97cc82df44aed360768,1.0786848569e+06
0x1b243d42f53924118646efaec5b3f6116b563960,1.0212851431e+06
0xbf4c0104dbfb028f3484cfac17bb22aa15e5c7e2,999991.12437706
0xcc3b817d4aba7698eaafb4c68e7688cf61b0bf46,863100
0xacc5c1e73d70f7f9622de2d574885ce8e6981033,849900
0xeb5e0b8e80fce271c13f533fa728d7bb03cafa4c,832850
0x572e1b86471c900cd16afa9cbb7701862d0e70cb,804014.00000001
0x9705fe3586a7d768fee061aafe9384b1d4b8f2d8,500000
0x5f319ca6ecf072a4d183edaa711cd04dc225df19,410083.87997699
0xfdd210ce1b829e837d9e034dae0f0312f176cef6,400000
0x731022d6de647991864203a35dfad1a192240d07,399988
0x51b9c1df35b044b5c0099d1fd07eab7ce38f325d,375580.528648144
0x5f0bd06a71e038206ef3e5090eb448e9a9773772,363873.1695222635
0x3df13b9bd79158f0cccddd0833cf774178e3d2e9,300202.36008238175
0x8d0cd1ab81eada4f92c7cb5c8dbc25c69cc296ad,287500
0xa392ccadabff735dbff69dc93d7c13f34a30611b,250000
0x84b5a60df2d7e3397b3a4a3c6282f090304aca26,224999.94858876822
0x84f0620a547a4d14a7987770c4f5c25d488d6335,150000
0x72f434fa010929656aef58695dab85447e51fbc6,128750
0x81a6383041593c556d1c8e69e2749b35b5008f09,120000
0x3085051f89666e7124e7ab95b693fc1e09770907,99999.99999999999
0x981e7512e87d2f7228d3f03b65950eb6a1b21bac,99999.99999999999
0x83c98211c50480e457a0df930d2a56a891bc4d4b,99999.99999999999
0x6f219bd1167568ab67494a9067cbbb5679bf0022,93907.09627638449
0x9ff548c1b3ea3dd123afe39c759dda548009b6c8,92238.09756710463
0x7dbf6820d32cfbd5d656bf9bff0def229b37cf0e,91139.24696424734
0x1078daa844cdf1edb51e5189c8b113b80a6a6957,87499.99999999999
0xf572c9b11e757d3580c7c7310630cd488e8ea736,62499.99999999999
0x839395e20bbb182fa440d08f850e6c7a8f6f0780,60000
0xebb89afc683961a31ca565cef684d7b488bb1576,57338.635352577825
0xb3a23e56cb62ff06186afbd5f68de2bd1cd3f5b3,46766.36199066001
0xe0d8926a51f9a1dd8e089d9a3dd88f88ffb2f1dc,46024.002709884175
0xb1fb86e3651f68aee7b7d8bf969f301771f4fc66,44021.256563356095
0x5c0e777dc8f3de6b0911b44dbbdd8bf71b2e8e38,35949.05206531
0x1fae8f99e9f932bdba910061590c2156ee512a91,35000
0xa456457fbf69851046b1bd47c565874806baee63,31587.106047118534
0xeeee5d271a56aa09c4f8862af514add3e882857c,30332.87348554
0xcd0d4cdb238eec15fcf4ff9d13d5a59051e507d7,25866.202842028513
0x757cc91ccbb88cb0d78d6798d20051d39e5a7296,22073.917377359998
0x9d34535be508876aa1af456fab0dfe6cdf4dd7ee,18892.849240667136
0x2efe744ecc4f6bd55538da57d09dae895c95b223,18300
0xd9e5de13ef1dbc4dfe0ee1bb76276228b9b23d0f,17887.728310990846
0x332f75fd7fd18eb77a4f111365686dae55c971db,17717.695637225275
0x9600e2ee6377dadad7299b120026661c336a5e6d,16388.638853952503
0x98c80268276ac6306f27b6430c49e8d0473d753d,15008.02386335
0x693fa6508bd95bb47a73f82f0f36c738000eb174,13288.669138996225
0xe3f4f3ad70c1190ec480554bbc3ed30285ae0610,12551.484283720565
0xa8cadc2268b01395f8573682fb9dd00bd582e8a0,12479.14529033763
0x3d2b8879f97e413b2609f9844a5fc8db8fe4f6f8,12303
0xd2bc5cb641ae6f7a880c3dd5aee0450b5210be23,11800
0x5d36a202687fd6bd0f670545334bf0b4827cc1e2,11160
0x8f15dc48b16a59de56739fd9c28ad93d841a61db,11159.65957504
0x59dda36bd196ec849838ce2163e6821f946b37dc,10889.029925719999
0x689476323eb5e9a5ded342f54b562fc2c156a522,10872.607480550856
0x1d45c8fa65f6b18e7dae04b2efea332c55696daa,10331.401598510885
0x8da6bd2c9526fd3bb3b1a20540edc4b2f8affe2c,10000
0xc80f6d188f5954d7d5d6705e7d35e02e1ddf3737,10000
0x936d69abcd9acdc89455eefaf744044ffc1ca660,9849.361552045677
0x4d32d90d6535bd4e7eabaa27ee72932cb214bbfa,9550
0x4ada1b9d9fe28abd9585f58cfeed2169a39e1c6b,9490.72529707
0xe868b8c09fd2c8c3f74d54f34f7325ab1c94c71f,9437.342846430312
0x844aeed1b294ef9632c18e73f57ef77d0a23d0e2,9324
0x57dd1517c12659365e59f71129fa9b1611dd18af,8684.62767038681
0xf3b06b503652a5e075d423f97056dfde0c4b066f,8616.413808349182
0x3c114973c0260290c2dbd40323327d996972fceb,8525
0x33878e070db7f70d2953fe0278cd32adf8104572,8280.61698732435
0x05657ae6f037edf3ecc113ba4b344f915bd6155f,7880.9186108491795
0xdd31db93082a3a71b98d37ba26230f8734bd63c3,7431
0x2d4ac9c27fffcd87d7fa2619f537c7eb0db96fb7,6600
0xbc6d82d8d6632938394905bb0217ad9c673015d1,6166
0x747e6abc102222f1df65c662540ddf471241a644,6000
0x7eb84e42059f0d44269c50f4d3a280fd307a6824,5842.589182619519
0xa8e36b688ec3741e18d4f9f3afbfa7f0f9f0662a,5760
0x55dffa17578e6bace42e4bf8687a11a85ccfef97,5721.446256387997
0xa8f0048a0d1a04663ca5010d0beac5bcaeea0eef,5550
0xe04885c3f1419c6e8495c33bdcf5f8387cd88846,5391.8106346635395
0xff6d6a7718a234a84f740480dbb07f6c09cf1cd5,5329.7697564863465
0xf203d6c796b99d0f2f861d1b838074822dd64d7c,5242.4572
0x8289432acd5eb0214b1c2526a5edb480aa06a9ab,5091.32647235768
0xe6ed9c681967a4ea7cef4486942b800139dfb000,5000
0x03bb5bc3c8fdab212a6b2b347a049133dfcb3a47,5000
0x5a5d9ab7b1bd978f80909503ebb828879daca9c3,5000
0x73006c818880d07dd510e165c3de3e74f2407187,5000
0xaa3600788b72863ff51c8f0db5f10bb65fbfeab4,5000
0x1fdd220e14b59e26bf1888e8267c4c221983a0a6,5000
0x8f21bd39fcaea3a729d46339a383081ecb7e84e0,4999.8340365350305
0xfd868db0696ef762351f8421535cc5f9f423b23c,4997.59332278
0xdca6f7cb3cf361c8df8fde119370f1b21b2fff63,4874.474125526806
0x7aba691d12d8ef8793f1643eba66b69c70ec72f1,4600.445284841981
0x884ff907d5fb8bae239b64aa8ad18ba3f8196038,4500
0xea124f96a1226d0956d38dd95c089d5cd5f82d71,4450
0x38f80f8f76b1c44b2beefb63bb561f570fb6ddb6,4271.7192670795885
0x3ef1b0db4d10d2e3ce06699c0bd4ef0aaf897614,4267.770738189687
0x3aae10803fd40005a6132e6b9f5cd6ac0657bf60,4251.531363405198
0xa9d20b435a85faaa002f32d66f7d21564130e9cf,4250
0xdf1e9485072bbe9517a06cbe28041bc9e7031985,4117.0588056121705
0x2aa64e6d80390f5c017f0313cb908051be2fd35e,3950
0xa7ca400d49bba87eb606ee05af93689bd21fab99,3838.728187761048
0xd1825dd9a5e49791fb7961ac3c4170deed5710b4,3500
0xfa9b7d81a8fcebe6e0ce2938963db2ccd3cd178f,3500
0xb6647e02ae6dd74137cb80b1c24333852e4af890,3354.0204655933676
0x4286d9da0d8085b8a7a34fa49a87b900845cc2f8,3200
0x9ae8912ea6562957043c8d048641aa9b450c397f,3185
0x1faf59040e9087675a7198e3c79d34de2f5796b1,3136.348768915553
0x28d604a4205549ea2510d03f2addc673ded2187f,3135
0xb22981ba3fe1de2325935c91a3b717168fb86714,3050
0xb681b19bb1f7e9f3c2ae0edeab368c2afaa4e590,2990
0x13da265ca1b475d9893b60e84ef8980734a8d040,2984.5452652599997
0xcb755b2cd7399de8ccf062e7e4b0d5a15df88980,2852.0716163893376
0x92d8902cf5f2ebc9eedfe60870a0de251662bfcc,2823.0830398375583
0xb3313b023e68cda95d7b625200e1b0fe6335a0c2,2700
0x6eeb37b9757dca963120f61c7e0e0160469a44d3,2673.1104460045826
0xb79223e868871dbac27e8e301f73734abd4cc628,2653.9837281586133
0xc583789751910e39fd2ddb988ad05567bcd81334,2646
0x3d958c62b36e01018644538bd1998c1e9be1ddd8,2635.0160482998303
0xe64113140960528f6af928d7ca4f45d192286a7a,2546.520735621896
0xa61fb9a7f632f033243796cd99ece4aee4a3c1d3,2500
0x0709e5bc1e2632ab501f3d8d7f25fd39719ef3ff,2500
0xabcdef0abba5d0106595174213156797bc0db33e,2500
0x4a24d4a7c36257e0bf256ea2970708817c597a2c,2500
0x68559b450b3a45fbc48eeba010712b8f360a6213,2500
0x5497dab10935af246c6215b14bedc32cfafa57df,2500
0x059f7da59ad1eb412b4d2ffc12e9b50da91cfdb6,2483.3417342899997
0x512b436cb2ed6016e80d4f89ca578f99dbbccb61,2400.866494976845
0x84674aa65cc7734f12b690ce46aec1027b434211,2400
0x98f1bda2d45ffaca73fcf2154e9e007871e14934,2400
0xe5adabbd71225e8074e30ff6ce2a66c9319c071b,2400
0xf4c6a5df9050b15a21aabccbc84ccb31fbdc0846,2297.0608715764056
0x4ae6a8a28c87b75e935a90d6128f2649c969c0d8,2243.075276840107
0x5554672e67ba866b9861701d0e0494ab324ad19a,2239.237014044473
0xdeb8699659be5d41a0e57e179d6cb42e00b9200c,2234.2487159641655
0x696ee4ae0b15feae8ed1afc865930e0ea65b1f3f,2174.092239822958
0x9d8d7220d060fd12ca33336b7239688e366327de,2170
0xce09b81ac028309ae5fee783742571021a65fea3,2161.9039405834037
0xdaa83039aca9a33b2e54bb2acc9f9c3a99357618,2135
0x744c28e52dbe6af8e68937d006323ee2b514ad4a,2135
0x5c0d9828ca6595db1012a4063c7ae8b6edee7534,2135
0xb2206f941a5206b55bfa33e665687523a8bced80,2112.4107400390358
0x2dd2036c9db2ada2739509af0047c00c8b9291ef,2070.517345410648
0x74fa01a5d0ef8039f1e14f4d4c8f90e8602e07b4,2068
0xa32aecda752cf4ef89956e83d60c04835d4fa867,2062.3794035213805
0x75ee5de3bc0fa6861b6123084524a3f4e77db545,2025
0x1c9f765c579f94f6502acd9fc356171d85a1f8d0,2009.0318378660563
0x1e8ee48d0621289297693fc98914da2efdce1477,2000
0xf3ad97364bccc3ea0582ede58c363888f8c4ec85,2000
0x959d3ebbe4e8a55d10494e72b6f24bdf43b44bf0,2000
0xf35960302a07022aba880dffaec2fdd64d5bf1c1,2000
0xeb90c6580b232a0c6ca87377849f3db82f504c35,2000
0x9ea09816db61c2fd860ecd4a615431fe86b944aa,2000
0x69dc230b06a15796e3f42baf706e0e55d4d5eaa1,2000
0xd0c608c9a86229a7d16cb8a97314ace4f8e1e1f0,2000
0x446f1c3de0a073d5e6dba1b9352ce64c4bca018e,2000
0x72337d25034d5a27fc10dce0c893fd29c1301d5b,2000
0xe2d6aff297b41881c1aea9599f68aedfab38c651,2000
0xe3330351043314bc37493c9ba601be7bbc332fd6,2000
0x3024074eaa70f3d4c071c0da9d0c8eec50232c47,2000
0x1e4942b1a4fab51ec950e5cccc957497b37d1103,2000
0xe08dc63deee327186d4631b8d08a7ec92767b52c,2000
0x96e4152f00894f677d860023b9784d578bc1c145,1900
0xb170a41f2523220a12f84f17a54bd31953d98027,1885.616741819359
0x7d85fcbb505d48e6176483733b62b51704e0bf95,1851.0918693548304
0x6c965b656c450259a6d4d95a2e68fb4319eecbc0,1825
0x5fe4326d06d901886d9a11e6a7134f5c9707f0ad,1811.6256998113772
0x66805d8b82664acab4cbe0c0498889dde9af7841,1807.0989340889162
0x0d3d681762f9eda9541fab6acfb17c50025b630b,1800.339671555305
0xafe2b51592b89095a4cfb18da2b5914b528f4c01,1800
0xa906c85b7e809b79c5e69d485693b44d65b1b252,1800
0x302e2a0d4291ac14aa1160504ca45a0a1f2e7a5c,1800
0x7fc80fad32ec41fd5cfcc14eee9c31953b6b4a8b,1800
0xa13ac077544dfd51193f8b15641a0c7a3e0286b7,1800
0x20e903db0a973f6d400e227d7fb7708d45fd5577,1800
0x1c0accc24e1549125b5b3c14d999d3a496afbdb1,1800
0x18d3ed5261f23cf0cdfbcf0512123b179b0816f0,1776.833255742516
0x516fca170bfe24bfc54e01f215ef85fe9b5b798a,1747.201935067041
0xced608aa29bb92185d9b6340adcbfa263dae075b,1669.984985391734
0x7b007e8c0f77b50bec8009f0e97f523dba6fe506,1596.3758345714205
0x3e6c23cdaa52b1b6621dbb30c367d16ace21f760,1550
0xef84a2e60580c60e3c2a100058d4b4953a1599af,1500
0x109402b6ae58754c2a92fc3dbc385a840cd6edae,1500
0x61c820e261717a5a0555488872f78ac7b9ce77ec,1500
0x1d3bf13f8f7a83390d03db5e23a950778e1d1309,1500
0x4ac6ebd8df05b2eeda4e4c44ae695dfa37ce330a,1500
0x58ad805f26272c5ba06d24bd0e43c8a2d1c634d9,1478.6166625777346
0x3f87755e2974534888ddb20a52dce45ef9f204ab,1443.7813052899999
0x745f933c33ab89d8f8437eacf176a2c8c0dd63a0,1420
0x76a6d08b82034b397e7e09dae4377c18f132bbb8,1400
0xf83a0d6f4d39cc413825b343a410eee24c75627c,1392.3250267648434
0xc624434420f6cbe835d6358a8223b78432773ced,1383.8031783169688
0x653d973b36137a5cb2fc304996e0af1f1afcc628,1374.7881064228231
0xc887eb551e836e09ba8695cde2ea1cc5d03dd231,1335
0x4cc9e6fabb800f083a2685501d1a30cdabb4b2de,1332.4381099777015
0xeee844540644b204f0005c063ae95f244bf06a84,1318.2182269
0x837667c7c5cb49609ed5bfa5d3b2f1bbae81d8ba,1300
0x8aa27e90e139d5ab5704df69429341cbcb2d2464,1300
0x6ab7b4550698fe1af0c7cd9c1ed69eb383c48257,1300
0x077c1fa56e780feef04e8d3bcbbd96e9f79935e0,1250
0xbc5b552641e5d203f0a6c230aa9dc14da7450053,1250
0xacd59e854adf632d2322404198624f757c868c97,1250
0xc799be8de03f20b2d3b101e6f6516d614e6ffe06,1247.16910375
0x433485b5951f250cefdcbf197cb0f60fdbe55513,1246.1107611500174
0xba719e0197470a790726075fd98edef04e2467af,1237.9
0x65c20b3e50fc7575fdea5a76f99a2c4140155531,1211.0837925173494
0x1d921dff757610fbdb0073479e12c0a07d382677,1200
0x8da48e5846c06b558970acd42edc7da8799481e4,1200
0x2b888954421b424c5d3d9ce9bb67c9bd47537d12,1200
0x76273dcc41356e5f0c49bb68e525175dc7e83417,1200
0x5c05740df496ddc881642566c431b88bdf60842e,1200
0xb749a586080436e616f097f193ba9cb6a25e7ea6,1150
0x43930ff04d18a5b59805151c1eb403c55870641e,1134.9218178162419
0xfb94f39b150ae661f85762154c0cadc65e083791,1125.5437704757355
0x0bf61023640b5ffa269ebaba895cc3662793a4c9,1125
0x11fa934f6754076aeb7cf0a72a1c2d2518aa4c77,1123.1398542804443
0x51f956b281b282fceb2635f295200157a22b920b,1100
0x1e90474d2e83e7b7dd45553156beb316845e66a4,1100
0xb76bc3ad9c150cc6f83984d02ab8e42225e4d0c2,1100
0xc4f91cdd498a30f8ed1dea3883cba314a7a2a022,1100
0x8349de968a70b79d09886da1690cc259b67cbcbc,1092.3
0x3c0c7b44c1f9366271f5c491121a1f7d55d33ef5,1089.34455549
0x8a8c879d39a74fce0593714956bb7ed048a5c1bf,1062.8425350078523
0x8341c4106523b49fc247f84e412bb2af5597038f,1062.8121428688498
0xb335d18843137b21db0c9ebc23e7ed9f0d33f14d,1050
0x6ead98ac60771343a361cf7558e8493b32fc8304,1050
0x13035a0959c08864d045a130a6c121b1daf4a9a7,1034.8931111963059
0xb1f05b11ba3d892edd00f2e7689779e2b8841827,1025.9499954472728
0x144c4e5027b69f7798b2b162d924bcae5c149f15,1025
0x4318cc449b1cbe6d64dd82e16abe58c79e076c2b,1025
0xc3268ddb8e38302763ffdc9191fcebd4c948fe1b,1023.4211318990563
0xa50064d462e17f7091ee62baebeb18bfebe21507,1013.5380431799999
0x774c3ccfde30a5e7263e8d8ec80b3d419c13ddd3,1007.3492794823704
0xf389dd1f828525b449d63d14157f2d3a25ee0a41,1004.799216565137
0x63b1efc5602c0023bbb373f2350cf34c2e5f8669,1002.3788653006555
0x05a1ff0a32bc24265bcb39499d0c5d9a6cb2011c,1000.0000003621586
0x00a66045ccc58a3e79999d6de0f49809c577ed3c,1000
0xa4369e39e3ed13593adb0142a1ea5d08abdf99c4,1000
0xff75e131c711e4310c045317779d39b3b4f718c4,1000
0x276e69cdd336001afef07075859a93078496c3c1,1000
0x212647c56ba10ee429a838bc567dfb03a8d054ba,1000
0x27259b0f4209e76f8c6cf27106c9ff83bdc2e831,1000
0xd26a3f686d43f2a62ba9eae2ff77e9f516d945b9,1000
0x2fee53687906ba239602ed42cceee2ac8a4ada36,1000
0xd1e19c472bf71fcb1016705d2d4cda041bbf0a06,1000
0x843a3c4ed93fb1f1335d5d174745551468106715,1000
0xc728dea8b2972e6e07493be8dc2f0314f7dc3e98,1000
0xae419a2ec9e77374b03479293cb4a509a6117825,1000
0xf6b6f07862a02c85628b3a9688beae07fea9c863,1000
0xf1659a2fd5007192314f9676e6a4a39fd1202160,1000
0xe52c39327ff7576baec3dbfef0787bd62db6d726,1000
0xed8db37778804a913670d9367aaf4f043aad938b,1000
0x0cf30daf2fb962ed1d5d19c97f5f6651f3b691c1,1000
0x8fda1daa6a674c1726d1896e3054b9a82d123f12,1000
0xda47bdcc48f26fb4709f90316341d9104cb1fb89,1000
0xfef75b27d4ae3d5228bcc2912f9cdceafe5f82e3,1000
0x4d5b28d08e8c00e041053b0dc584e00e6997daa3,1000
0xfb40932271fc9db9dbf048e80697e2da4aa57250,1000
0x02d60fd1ffb28b07b4164566e0febf01955a9391,1000
0x9e602c1920443f01cb100a57a7f894df8eb42f66,1000
0x40f9bf922c23c43acdad71ab4425280c0ffbd697,1000
0x731a2e51ebfaebacf8477e992cdeb1e8eacf519c,1000
0x756bd520e6d52ba027e7a1b3cd59f79ab61dfc34,1000
0x65ad2bf7e09af2597c140df6386a3003d0f5f8ee,1000
0xcf7c21ded40f2df85a564207a89b3379780d9ce3,1000
0x9120ffd5d04ca4b26aabce611989a8f026dc099a,1000
0xb2a3b5b9d2c0f07cba328b58737147cfc172eb9f,1000
0x57fb3f4b027fbadbd8d20eb5e48feb1e2b02df30,1000
0xff16d64179a02d6a56a1183a28f1d6293646e2dd,1000
0x6d97d65adff6771b31671443a6b9512104312d3d,1000
0x01242a2e4f27b42d564d3668a58d98baa751b3ce,1000
0x5cc2ec9378e4fd3e5b91a6fa338edcc8edd36ff8,1000
0x0d89421d6eec0a4385f95f410732186a2ab45077,1000
0x99c9bc20d9f57a0c19136e10987fb234abdf3a5c,1000
0xe77ad9c5af60332d24e5531b51a6b7f61d0b8703,1000
0xf13e477365b0faa64130da2ff663aab20d32d929,1000
0x835918a3fbdf946364a9aee3114173865b712663,1000
0x183bdb344a07ee3d27f07ac4799a56e4a2fe5439,1000
0xf41b98a4c32bb61468c8001e0c69ef64ce6dea57,1000
0x0d2349e291a9e0bb755bffa4097e6d378a72330b,1000
0x399e0ae23663f27181ebb4e66ec504b3aab25541,1000
0x7d547666209755fb833f9b37eebea38ebf513abb,1000
0x3769092dbfa6eb34434fb5b7cf0eb06e710728f3,1000
0x3f649dbfafbe454940b8a82c5058b8d176dd3871,1000
0xa25207bb8f8ec2423e2ddf2686a0cd2048352f3e,1000
0x841c11b14c428dd591093348b8afa2652c863988,1000
0xb9573982875b83aadc1296726e2ae77d13d9b98f,1000
0x104a851a9156205d40d06d7b71e2df252ea46d01,1000
0xd714dd60e22bbb1cbafd0e40de5cfa7bbdd3f3c8,1000
0xd662fa474c0a1346a26374bb4581d1f6d3fb2d94,1000
0xf93f0b770784602fc3079eb1d2fb1ff488bb02b0,1000
0xc8d92326bd4dd3bb1d4eae8355fca6833d64ea80,1000
0xcf79c7eaec5bdc1a9e32d099c5d6bdf67e4cf6e8,1000
0x3b981fa5dd50237dab6f96a417a6690b6f20fcc4,1000
0x8d4c0ebb98b259f40f783924a78c1b1affde200e,1000
0x7136fbddd4dffa2369a9283b6e90a040318011ca,1000
0x2f51e78ff8aec6a941c4ceeeb26b4a1f03737c50,1000
0xa270f5649a42fedfe66ddb3b0b50bebae1e3ddb0,1000
0x973375b099943cddfd390022cea90d4f1d0c493c,1000
0xce8d52c38d74b77a0aa361c48fdce6b220a3370e,1000
0x890a0047f8d573347872cb6c019f86552f2367d6,1000
0xf9e1d1e9f22c96752356adfd377231528c7e851e,1000
0x775af9b7c214fe8792ab5f5da61a8708591d517e,1000
0x66b1de0f14a0ce971f7f248415063d44caf19398,1000
0xb150c9bed10a8c62997d58a81c4e1fa75160643e,1000
0xb7babe35ce543e2cf2f615cb1c792a2025feb572,1000
0x2b13d52dfd33e2ebd13232866fdf96088e77d596,1000
0x1c0a032954f20761e59138fee236204becbb8bdb,1000
0x58f7ff14700a754a652b3e6f5edcb51e617c4e86,1000
0x7b8b83e68c73aa4f00e6ed1a505de15147ad5764,1000
0x0f46540678c7e6d2ef983b382cc07fa815ab148c,1000
0xfbddb719cc7c795a1d9b7ea7ac11494a19b3231f,1000
0x826976d7c600d45fb8287ca1d7c76fc8eb732030,1000
0x1df428833f2c9fb1ef098754e5d710432450d706,1000
0x7bc48221928f11184b376da7a57650768dfd3332,1000
0x602ac8c3f61b351be325feeb58842ef557431c2e,1000
0x54becc7560a7be76d72ed76a1f5fee6c5a2a7ab6,1000
0x978eb534b26cb8749d352a2c94ec21e659e4248d,1000
0x303a6b190768f91c5823d24c267fe1778ac6c56a,1000
0x90c32e6b29794fd7f5bba2bbee74e924078b3f9b,1000
0xa96a437efb71baf50a59027c340fa3362ef703f7,1000
0x93082bfea9424363861ab35110ab65b8a5dfe9df,1000
0x78e87757861185ec5e8c0ef6bf0c69fa7832df6c,1000
0x6733c60e6e02f9c8fa221db1aea018d80d949861,1000
0xefedaf9c07e6eb56bb8f82f30018e4461b1c5f4c,1000
0x7986debcbc2709435461cbe6e0d73f62c19bfa95,1000
0x40dc654af5ce40c122ffdc679fa8e8ca8b91556a,1000
0x9ced5f42f2f8fec2eddc7fbb360ee17ffd6bdc21,1000
0x5f3371793285920351344a1eaaaa48d45e600652,1000
0x7fb43c99a26a9ea8ba841d58390bf1c2996edfb0,1000
0x09988e9aeb8c0b835619305abfe2ce68fea17722,1000
0x015122a625b45f68e6d795c0ab99fc7107e4c3b9,1000
0x33f6ee932cea603fafd6854827259be172c91da4,1000
0xf5819cc26f0481c9b86294b4c24027518a04bd5b,1000
0x14d92832265eeafdef9e526356fefc90105966c3,1000
0x516cafd745ec780d20f61c0d71fe258ea765222d,1000
0xd9bb77e8a0095ba2b3c5649d21ea91221e010abc,1000
0x616cad18642f45d3fa5fcaad0a2d81764a9cba84,1000
0xb62e762af637b49eb4870bce8fe21bfff189e495,1000
0x03ba34f6ea1496fa316873cf8350a3f7ead317ef,1000
0x1e55c85801a2c4f0bec57c84742a8ef3d72de57b,1000
0x954f716e6de059360d278b773138f8e046696721,1000
0xb1de969883b1fdd90a43ff475a5171a3cfefe76d,1000
0x83108a0653a14eaeb8301e7b10a37cfac39c82f6,1000
0xbe4cf8e9d23cd50cdc3d56e6d6fcb75bfbbd2f67,1000
0x04c0cd38b8c203b14ef2b7b8d736d69b938aff71,1000
0xc46c67bb7e84490d7ebdd0b8ecdaca68cf3823f4,1000
0x9f000bfb33b0b63fce685b538b1a8af079b57d93,1000
0x8f48282e50b0210bd7c7dd69c54205e98b9ef5d9,1000
0x29e1a61fccd40408f489336993e798d14d57d77f,1000
0xe96056a9936c58e89d1703cf6bd97f134341ee44,1000
0xd0ef3a2ae7fb496c0897400f1be46693b6183b0a,1000
0xca72c93172ba6eff168e59e7f17c3c7a8fea9b62,1000
0x7926dad04fe7c482425d784985b5e24aea03c9ff,1000
0xbec48f1ccf82d8e4c983ee00ac2ec6b03b81d710,1000
0x0b924785d2bbbc8834cbd5fc63d10543ff799d4d,1000
0x6dd6934452eb4e6d87b9c874ae0ef83ec3bd5803,1000
0x172dbab6f5e62a1fe7e2ba5ea1624adb33e0aa14,1000
0x9d406203a93630dd017471d83fef98193e0d61f5,1000
0x639749b7b08aee65039c21d8a411103c6cebebf0,1000
0xa3ad5cfb4ff4b68e37a338da200ba441c1850b5b,1000
0x88f1706c20d94a4d1551c5f799c9e3380a24c3ac,1000
0xcf61ebd3613684a53e48ee85d8fbc80c5156c479,1000
0x92ed343af03bae63a7ac938edf570084a3392742,1000
0xb8784a7da592c7e0190939d2d6f3c8d9df1c69ad,1000
0xad7a185b2456d5afd85838a50c7d8ace3ab2f871,1000
0x55ba9c90c37e3206570ac9dc872c0f053d155f77,1000
0xacf4c2950107ef9b1c37faa1f9a866c8f0da88b9,1000
0x86e6b55bb954e1cfab567f9582e0fa580bb0290d,1000
0x03f11c7a45ba8219c87f312eecb07287c2095302,1000
0x187089b33e5812310ed32a57f53b3fad0383a19d,1000
0x0442a9abbc93058a873c371f21cc366338254a88,1000
0xe0144fa05a0d32b5b1de10ccee7211616b3e3ef0,1000
0x2df292af809fd693d94c7d17e36be352e15bb98a,1000
0x25bdff8db8d80971935a7f38a0cf31dec62f7696,1000
0x583bbada56bb535bcbb31877a620a6ff2a25cea5,1000
0xe36bd8c15a83b89e2e49806d7312846069755c63,1000
0x2ac6a3561a43f06d62602ef9728c2b9eec393326,1000
0xbaab83de8dba764bf02a530cad33555bd23eba22,1000
0x83ab8e31df35aa3281d630529c6f4bf5ac7f7abf,1000
0x4bfb2c232f70c83136a3f206cd26df2a0b605cec,1000
0xa21000e7a5a2a2bd9329428a859f9d7dce0f0961,1000
0xcce9a28b570946123f392cf1dbfa6d2d5e636a1f,1000
0x432c53218a11bed08d238cf84ff547ce4fe933ab,1000
0x848e313d4b25bc0b48cafdb6a72391e892e6a247,992.34532919
0xe8bbe391340e0a3bf1ac13166c41266b65598ce9,980
0xad7575aefd4d64520c3269fd24eae1b0e13dbe7b,967.1193486655449
0xc68bba423525576c7684e7ea25e7d5f079b1361e,963.6258235451355
0x3806c0e88f48123201b01414591ca2a8faa27f0a,950.649512403713
0x2937d75b326bae98fd823f3e5e4ea01fe9de37e3,950
0x63a32f1595a68e811496d820680b74a5cca303c5,937.9138657859302
0xd310ae66193833e7028a6680e19a7d073df01e05,914.3
0x9663eefd2817572db25a7c0a0e6cccb3f0e5f121,908.5571651299999
0x93e4297ea2b1368274ef91aabb900debfd915d7e,900
0x38b826a4426a0d4d9b4377ac57c9af0308281c5d,900
0x14ddf441721297b97a4d5aa3304fb845bc35ec56,899
0xc793ee64e6ac6239c527fd041a78a8fcaa245e4f,850
0xb2e1462847e6244f9931915ea2294005643b4861,850
0x5a6a84fb9063af1d83d0ac4809697a40715a1530,850
0xc971c4e2c7c2eac9a8358f6b9c3b923a93009f8f,850
0x21339e2ce5ce1d7a19a28e774513619c0c6259da,840
0x9eca7b82e857e92b05b6c7d904e5a26b4b020687,826
0x8c32296b969e65226fe282d29a117c64c578405b,824.1786828070411
0x3b9f47629cd4d5903cf3eb897aac4f6b41dd2589,820
0x7853359e096876ccb71cada7c066375839e8560d,808.6828301287678
0x9303d4c7cd156ee6319fe59af091bb66db267763,800
0x026b727b60d336806b87d60e95b6d7fad2443dd6,800
0x2d240c5d58a8445e99dadf3fd41a492dfeaf7e4c,800
0x11d86e90aba195ca20905ab2d3745ed9faad5a2d,800
0xa5a44fafdddfd87038549fefb6c65fff8c59317e,800
0xb9479331df573d6bca8b924f48e8cacb84664ce7,800
0x20429f7a5689c86a0f9a93124efa5cff37574dbf,800
0xca3589b6dc6b6ae9da653b82b5cf1dd2806db087,800
0x6c19c7ee70a280693199ffd79daa7d114bbfa898,800
0x2812b1e084a0214cc15f0c873f60514c0902ff8a,800
0xfbd39c29dbbbe1f3e563e2a8233262c29040efef,800
0x42e0793e4f029557d4c16a05ae0d989a173ec6aa,800
0x74d5c70117e9ea382b199c140ee0f05fbf9defd0,800
0x84e1056ed1b76fb03b43e924ef98833dba394b2b,800
0xf145929a2f094840a797851cd306ae70c2b51986,800
0xbad8bcc9eb5749829cf12189fdd5c1230d6c85e8,800
0x0276dece5594a6db72e044c85488519a18f9e462,800
0x86f012bc12b986fcf58ad672f03817cd210528ed,800
0x8f51dc0791cddddce08052fff939eb7cf0c17856,800
0x10e257d49aab24ef149dec83f88d43f31fc8a9e9,800
0x7e1b9a73a1deaa3fdfaf80a3c3a545936d79eda5,800
0xc78a95019c52ad9856aa764d6908e88d5b7930ee,800
0x6d465d2081b799770d0ce7e755d8db1665903ffb,800
0x57af2c4249761f4b266dbd80fe44061faf4780c3,800
0x09b43a8fdadddade8e75c18a20a6fc0dbe4a1f68,800
0xf9903c5d11e8f4bfebcf02747d53319e9c4a10c6,800
0x64c5c700e87b6485f51f096a8d06fab8084c8632,800
0x61c4a9107de33e75ed6fe29550ae2cc29ced2264,800
0x986e92868a27548a31e88f7692e746cd7e86f39a,800
0x1ee8e6a0e949ecab1f66636601d6f36488f16b78,800
0x7f96a6269b00c56cdc319721be80bf8c290324a5,800
0xc8b0d32bc09fb11c12c82582825c1e6b624822b8,800
0x488abaa18b5af3f24e9d69ca0eb3d6fd6ae4fbf1,800
0xdfbecc0b4aef80b96da27ab483feb0892472eac2,800
0xd11256d99f8833bee0b99203ddcfe4cd6c823d8d,800
0x2387c1d431afc94600b1d7262ad90eb61a25a6e8,800
0x2e57674ea14fa08a6dda865dd139ce3924ab5951,800
0xd0bfb40f057322ff734a75cbe2f79b9e5c7e4cb3,800
0x7899d9b1181cbb427b0b1be0684c096c260f7474,800
0xe5caf4d7cbc6b80ae5fd072ab17aa4e91a5dd495,800
0xf11704511975cc5908f6dbd89be922f5c86c1055,800
0x770ab2db2aad19fde1ce844d159624a6476438c8,800
0xc4309d4316d519e1e4fae8dcf94bdcd92cab2d80,800
0x6710287cee1a9d1a00251fdc9a12795ec7a86189,800
0xfd37f4625ca5816157d55a5b3f7dd8dd5f8a0c2f,800
0xd1da06878d2817a358498c384418417a752dfa68,800
0x5c7291e18c3ecf30e14ccf1dcd646c0ca3309113,800
0x82cb2305388c853ecfe9ea83a1604acf58466659,800
0x6718c0b9061159823440abf4635707b2ed8e5ca8,800
0xd705eab54190c7943115607f2b7573e115a413a0,800
0xb5196c5a415d26672e9392d1fd9a37d43a9089b2,800
0x8b580433568e521ad351b92b98150c0c65ce69b7,800
0xef8df6d246cc9802ebf5afd55e77df152497fd7f,800
0x77fb4fa1aba92576942ad34bc47834059b84e693,800
0x3fad8bcd2aea732d02a203c156b19205253f2a06,800
0x5bb73e04b810527b14b87c37eff3d62481f2d416,800
0x438615976c27b2b44f57ced3ac73b5ac113b8730,800
0x228f308e90c36ef1acee0bec99061f9de65dbcdd,800
0x8b577d9f981da6fc6e33de495a1465ee302f67a5,800
0xa31895c358d899030a1eb78feaadf28c8000cf47,800
0x29185eb8cfd22aa719529217bfbade61677e0ad2,800
0xcc3cb5c01a3cdcd5eb8ebf87e2ec088147bada8a,800
0x08e3f287adba42a26904919917bc7907f1f0df18,800
0x8fe29118cc8b2b8cea9c888ef5233c421af40a07,800
0x96584773e2845315e0421f75c296469c96911b88,800
0x6379828b3c5acdc2badc6bbca10357fb0e36aeab,800
0x2b88fd6240e0ce71e3048b612088e76ab8d7d634,800
0x2c8467da8b7b3d0a7e3886f6cb6697c49571ff66,800
0x7e475a846af78e49aa56f05706530bc5ebe58ea8,800
0xb13a55d8512aec4bf7b15067d733c4c3c68f2439,800
0x22300aadf0cce33a4b993e5d2a1bb24409bab8e1,800
0xa831d11c0c280b118c5f44b192a327cf64d9ee91,800
0x99e94142353411264731105fe38ff02dfe1f3c3a,800
0xaeb99a255c3a243ab3e4f654041e9bf5340cf313,800
0x5c0b7a237c91f28881afd7e0ccb1d33937ac3271,800
0x6543c99d0e073c140fd08a741c6cfdcd1449da94,800
0x3566f9562d1bc28df6c5dc744ab40ef11c56e4a5,800
0xbd56efc637f8cb7133e304b3f929df9a6fa35468,800
0x255f7d91b2dddabbe044c64840460a1b7285ad5f,800
0xb3bcaee28ecd97745737e756cf1bafed9dbca88d,800
0x38a02b64ccd5b157062cd2bad9ecd7f85d0b8480,800
0x73bea65145f19702da07d8908e994a193b5855a1,800
0xd74e6428cb1c29cd6ef8ce4da4932f47e88a0946,800
0xaa163c47065c22d17ed1c47e3e244337d2056c17,800
0x282d656a9d95c64522f6bc1a42ee759de81e8dc0,800
0x03d8ac6b92aac24549eb583b969d93bc49f9ddb3,800
0xcee0feb4b08bad3e86bdc3f01a5cdd9e7ca72427,800
0x2dbfd11c5073095670e0eec58e8d2313fac9e494,800
0xdbeb3b980ef88e9f5e59c8c9bb4d261d6736d0c4,800
0xd6b97e042d03edbdc100eb55fbe43eb75f2e3036,800
0x90d3c980149ccbd039292ceee75b3186da05c998,800
0xf31263051c09bcc2853dac78185e1e5c59f4ee56,800
0x0bb5e2eab6cb24c40392783847e23e760b8b986b,800
0xc34d7c4ddeafb22f22a482a71676e00edc58790a,800
0xfafac5f0571aa0f12a156ffdcd37e8a7dd694c4f,800
0xe73a198e7c07c418d7dcfd42f5e953074abbd125,800
0x509f6c9a86be078b0145de56d6e3b29e9025af3f,800
0x9f75582d2be13b5ee454161ee394daada8b39efa,800
0xd0ccfeef904cce8e0c70014db37e5133a6a8aa1c,800
0xba6e1c26be2f8b46d9e7ab7573b99921ee81acf5,800
0xf54f4815f62ccc360963329789d62d3497a121ae,800
0x7d03c5c37f77fd01211334b9115ca108c84e8f3b,800
0x99272db5353e13c18b711d99d3a8f36ba459f747,800
0x3bfb159c76833bc019e7c93708f26f318ad61504,800
0x29e4c293963b6767755a84726a41d05117f16b7a,800
0xc2fb4b3ea53e10c88d193e709a81c4dc7aec902e,800
0x746bb7befd31d9052bb8eba7d5dd74c9acf54c6d,795.1425180844036
0xca80ef6f580f3db9472a9f744998836d3db936d3,785
0x7916dba3a610b020d77c0ccfd4bd717ee400a5f2,760
0x4fd6b3204a6ab48978018b25821682f090840333,750
0x9bdf2c3bb976a6072dd287dac8e762e4c7760ef8,750
0xe31bc121ef5b129a01b0f22ed2b214122c4abb3e,750
0x6837047f46da1d5d9a79846b25810b92adf456f6,715.3198970561594
0x794cec5ee2659859050d29d858cf46191649e1fa,700.0004309405779
0xfab9a3d37999e12252b47468d2ffd4be15936012,700
0x1ddc50a8b8ef07c654b4ace65070b0e7acff622b,700
0x5d9fbd984b9cec714a4b14c38ea83bbc82d06d69,700
0x841ad0abab2d33520ca236a2f5d8b038addc12ba,696.9000000000001
0xbb2eb4c7eb36ecce7a3e6bc501590ce12c9c1050,684.6499633531639
0xf905c05a274b4775432b43d1b651e26039ec6354,676.0189574373605
0x50418699cb44bfda9c9afc9b7a0b0d244d8927d2,656
0x8073639b11994c549eda58fc3cd7132a72aadf10,631.518466868634
0xf752b527e2aba395d1ba4c0de9c147b763dda1f4,630.965663939392
0xdd304336cf878df7d2647435d5f57c2345b140c1,611.6222012038758
0x222cf246a3d56d61030ca49f5e6ffd6c20c3dc4f,600.7851
0xe7a8dea3c2521a883d01e1b714b4480e64322462,600
0x32cefb2dc869bbfe636f7547cda43f561bf88d5a,600
0x997d410b26cdd17b0750f2c1751e59cbcfae446f,598.5337079682918
0xa6c366d97cb64708211f24310dfad5363bc96a04,567.9941684
0xd82803b7b9a5eb1d5fc558fd619afc6c031cd0b1,567.2
0x4166acb87c49e7630f9053b0be6e990b8fa8783c,561.8403000000001
0xac4109a00af7d892be8512e82a9c82cae63de88b,558.7410284654053
0x707e2302149294584f570d53c666d3008d39d24e,550
0x8e989351fc300007ed5c08d86c3b86d6c8782290,545
0xb48ef8e4e7bef79ddf64d4424151f003a59bfbfb,522.8636
0x4aceeb7bf9ec8104cc2379f1e8d648ee47249fcb,518.80195492
0x981be1045cf995dedbac017d9f0560ef0f22bfaf,511.29610553652975
0x25fa68a4c340202737edbc67fd1a2ec8de872db6,500.81142206000004
0x966a805a38f13c45cf757673ea48e8b9f066c024,500
0x7ef5e4062dccad29a6f8d5458590160536056c81,500
0xd164572b07a7a022facd4b0a63a72c9280ad78e2,500
0xfaa806320ca25e7621690152fc83b4257aa197ff,500
0x61987699055394c65355f2797d3e4e589f7fabf4,500
0x5b655eda7d101f98934392cc3610bcb25b633789,500
0x5fa5129d1ca28e108f990fe9b588f0a256c07ab8,500
0xc61288821b4722ce29249f0ba03b633f0be46a5a,500
0x833166b3f14df2f441cd61e079455d8896804351,500
0x9094d2ef481d704787bf891c15f57e591cc5f54f,500
0x0d5f8c55944dc8900ac9bf34d9d839749fbc951f,500
0xe61e67025fce58c047986081a9914d2864479382,500
0x81ebe8ee7b51741fd5dad31f6987e626a9bb8111,500
0xc27f0966685e7346ea338279be1d7c2929980fc5,500
0x051010142a0b9de7f0fd8fb31d085407287f6381,500
0x85bead65c61db8cf230b3ec30552b8b3e6388570,500
0x396796429a9aeb72a7584711830a550d31ab653c,500
0x44571d865d879ba75d8eabb4a08c01cc3fc36d3f,500
0xfa7448891b9a58a7f71cc2aee436690ae1bfdb68,500
0x175e0ed70627644c35f310288fc8d6061f75ac76,500
0xce57ebed9ac38402dcaa44f65a1c9b04e26b8283,500
0xa8258ed271bb9be9d7e16c5818e45ef6f2577d92,500
0x65e9cf77a699e8d571e5dce7cc29988a1911407d,500
0x22c39679ca3dddfa9b2c3fe8583299ffe6908991,500
0x6b759bf480407d19c8903c16023c706868c29a2a,500
0x0e55c9e42565875aaea3764b33682714dd2278de,500
0xa43821674ff3836bf8d22e25d0243278a6263612,500
0x0f11796c594c7bdacf600bbd46f10d2aed2a37b5,500
0xbb4848201915534cbd58465f2318749ceb9b2b8e,500
0x19d8da2674e8a025154153297ea3ab918debf96d,500
0x3bb9ef68c0e8a291f7730bb6da37ad682331f380,500
0xd388aa414e0788f5d27fb8f2cc3f1dadd7b3b507,500
0x9f729294b308f79243285348a7be3f58ae5ed31a,500
0x6166e1964447e0959bc7c8d543db3ab82db65044,500
0xd26b76e50f6510cdd4bf45d59279705f36946d23,500
0xf94495d5d91e9a4bb52f7dd7c19e1231332bf45f,500
0x7d2e4d645c0acc5a6bf596b612cab351864f4090,500
0x17240b6517e9279970c0e4e2bc04bb2b6eacb25a,500
0xff9b563140952fb7e3e5552f1a5068b637f0de0a,500
0xf7c5a0a318960a961ae4a138403b25be10eb9cba,500
0x547b67d30052ee6999e85ddb6e8b28495ea6b5fe,500
0xc9fca54d2a9476349fc2ff65ecebf5f1ff0efcb1,500
0x3ead295b10c55b0e243df789ad3ab1ace1cbbbf7,500
0x9e6cdaff95f4bb1a21ce2f81f7655e2aac53840a,500
0x094b75eedf58a83af4d37694b7532691fb26570e,499.0502816174559
0xefa4c696ea2505ec038c9ddc849b1bf817d7f69d,494.6591613588607
0xe107cf800e4582eb239d7ffe6b476a202338b7e6,491.09478106495754
0x1ec3c1f70e1d6bbdc84092ae86eaade495fddb9b,488.53902219451214
0x62a7a68d0d1457cb09d4dc630046355aa5e367d8,486.76376690999996
0x31460f49eea93ef8255b42be019fb96f89cf0c49,483.41918485772646
0xa29b0d2f3b4555359a1bf684d700753b1b06cbc4,466.42114739456366
0xd37ed782323a82e5bd55a92500e48ff5efcc415e,451.45646194602773
0x5f0cc626ed2456b4830da3f17075a40be093c039,450
0xa23b358532929ffac507f074cc1b6bbcf672328f,423.13861374
0xdef3d19ff35a42f5b8e3c706c8fd287de72e6d15,421.1792998188427
0x8600abcda1fd2f3886958c3b88b757b29df7ba80,420
0x2fe95ba46d36e6bbc8d3bbc6bf3f18c85c91f3af,410.4815122281121
0xd3488ea0c1dc99a5d72f75c84004224f8b58694e,409.73310061
0x956313dd2711878879b40ea5b4f2489c41a2e717,401.9999714541443
0xae35b0adb1dd4d406f4edb82f46208ea7ec0becc,400
0x4830a1a6af419c95ed62394f88643c187e4a8efa,400
0x5718de33362d4f9c633ce2e8363a2e694aaefbdb,400
0x4789c274d65b6d4c5c9db42813dfc67f87dacde6,400
0x5e45761014fd34f7ddeb17908538d1a8d3eb3ab9,399.71852651
0xf0a2734313c0838413dc7959d083618522a9daf5,384.45713097101
0x5c89c420a9e82ea9aedbaaab03302e39982919b9,380.40011290503065
0xbeb5a64793ec486b080063d3b662f2131fac0f52,377.6486603916692
0xe6479e9f4e3cc8ace834856f3d51e62194df00c8,364.95364884
0x2a98ea2aa21a4e17c9961c30a9fe73dce0f6b1f5,364.4318360263318
0x2399a1758afd2e061134b78ad1965e4204dbc0b8,363
0x092cff73c77a9de794d25b0088ded0e430733dbb,363
0x7df96b926f4e321a2358bb8d9ecaba88fe7ff9d5,363
0x8bb2884ee943111aa5119a36b30085a15a66c972,363
0x21fa7f8238a84565dafc7681eda644009ca15ae7,363
0x4059f3c0064cd380276de8dbab6935005535eed6,363
0x0a10998913b2e1786b7d0e376611781b28387cc4,363
0x0221b42d4c4f2b48ab132ad0316e5cd4287bb8cc,361.986
0x14a1d39dd079b1db0cda0db4c6ce64900d4a6814,358.487
0xf277e575c7a503a60775178f6ce5b27f0c1b9d53,358.46198303
0xf1ddfed591696594ad9442de9c584c6ebc772d82,358.26524771110076
0x634f22ceb7f99fb507e14e7ec3a658b09e85e998,358
0xe0bd0fe4e70478d5aaf9df546fc76b964ce0bc54,357.6705018291046
0x74b8ebf003a9dfdf228c65f5ababd61409ce4685,355.51386772432227
0x420a02a64ee3583577bce55a2f9b85f883022995,354.0423799203002
0x81ce252ea5dcbec53dbf895b0a5fbe8303ad5b31,350.93262796329515
0x9dbe4eb4a0a41955e1dc733e322f84295a0aa5c0,345.2462597421019
0xfe1552da65facaac5b50b73ceda4c993e16d4694,339.08547415
0x4654a70c7c13ac3004819b881dc450e8a1a2dc2e,333.10919707
0xe9be7b680a573fc03396f1227ea2695bc6dedfcb,322.4622580549976
0x072001b736b049934eb1e66bcbbc281d010fe7b6,315
0xd1d1c2dc127e796819add9850db889ea722d3012,310.809834741785
0xfa09b962e819bca435a62d6b3ca8edc41682c999,309
0xaaceaca8836a2624ee782b6365737ca181db72ae,307.86868589350485
0xb7562f12e41c762cecda99d62bd6eac7b0c3b4c1,306.78862241017447
0x60daf0e5ff2ec9bf54c8abf5623f95287bcd44fb,306.3492027931772
0x63a36788615e165078562172c9babe383d4ba371,301.4084967653029
0x406c0da29311126d0fb48fb8571a3ffccdad06c4,300.106467221422
0x7c8e659f9df114dda21028922641b9327b5b4aa1,300.01
0x6e72dd10375c221d1be5a71bee11cf1c7105ec7c,300
0x72578e136e72a18a832be6762230a820f514d180,300
0xef48752c933b1050187e89a9f909de2b9e0bdce6,300
0xf1b915f886efe71e1574da2c0c3fcd79fae5035b,300
0x5fdce124662b8fa60f2a6852939ccc997f9d8e60,300
0xd67b7c3ba9304ac3f80654b8bb95895a9d0a8ebd,300
0xd700b177296cdbbf3d404147fe3dac3900370a0a,300
0x0d72724bf16877bd814b8ec52b2b65a4a385d7fe,300
0x2a78703c480b74c544d9ff4a4fee0999ae7ff95f,300
0x7a749c38f16388085e3e2356d7a074f18117d780,300
0xdeda35dfaf6e2b26d6fb9c92037bd86f9ed3bf21,290
0x6ba54cf6b626f1108a2f6c16767f8397060022c0,290
0x9c2f09b522f0350f321715e84f95e1af202a7fec,288.90216048
0x8d12101c8f8170e57852b4b271e11a5b6fdf6b4a,284.41100430778044
0xe7c510b2027d9ce7d433ca2b90ad344ca3d7f4b1,284
0xc304eef1023e0b6e644f8ed8f8c629fd0973c52d,283.97756478903403
0xcad3887923b39cd2b0b6d13538c4ecb7c5ee9825,279.93508564400724
0x4be737b450754bc75f1ef0271d3c5da525173f6b,279.72581231788706
0xe17d9addfd70940d2ca27225f179959e30298d63,274.4807395545488
0x5bc0aebdbab698e12fd33a2e133e6858fe6cdd76,273.9
0xd10043b03b26faa99a285826219af1dbb202134b,272.1625567673251
0x9f4fbbbcbe8b8e90449dec9032bd5cce65bb52e5,270
0x7a129f1b0550e6dc115dda6428003adf9bc7bf90,270
0x867adfebee5dc35c8353cd1475a9ba92f819c10b,270
0x2d122fef1613e82c0c90f443b59e54468e16525c,270
0xf449ae59575b9f2d276a532da9e835ecd1d33a42,270
0x535b3fc92c40823b5b28df471491f6b5dd5fc4e8,270
0x1b13d62de363e964ce8a9981f58dd293c005e2b4,270
0x3a37cc1096865987546d237f42e18737acdeb2c8,270
0x47ce1fad0d73e5c0be76e85488b0ece0c2898846,268.12483906
0xcb2dac9af0231d58a827dc88736870f579e9dca8,263
0xd32dee97c7d7fdfb826cc3bb210dd009d2750ae2,252.69060934943076
0x4066f15ec07e1c69c9bfb31c8a7f9b4eccd4fc81,252.26305394
0xa77294828d42b538890fa6e97adffe9305536171,251.42
0x108c1f6802c6d991fcec033294787c08d718f445,250
0xca85460d23bfb2e0079bab5aac84921d9d0762a4,250
0xff51cc1519c7a61144d3ff6f883122f150752445,250
0xdc0046b52e2e38aee2271b6171ebb65ccd337518,250
0x5b0ffbe6218a68208ee61bbc1282c2637f0bca16,250
0xee324c588cef1bf1c1360883e4318834af66366d,250
0xd1bf622c6f32d2d79b1d4bc566a14ee124cfd2ec,250
0x719028736f10164c838ef129936779ed739312f2,250
0xe83b9a1b9056b21a01b85162e77ad76a42a1c64b,250
0xc2aedb7d84b168683185cc401dd2d0d9b14d1aae,247.7177999999999
0x8a4a50b13fd2cb36feb96c408cb98b4c9f2b8f25,245.81091582734203
0x77e64560bd6c323c075f206a5ab9dd6850f31609,244.7
0xdcb93093424447bf4fe9df869750950922f1e30b,243.4170663044987
0xe862e2c1ca94eacfede3c95a217c15ef0086a29d,242.3607079244323
0xa61ed6d962af39adda5c405ce76f625b5c3f81dd,240
0xe591d4af2321dac242e6f356e766aee256c6b1cb,229.2648275070708
0x1b1ab439770b938d900d876038676f4697170049,222.30212417045837
0x022ca32d31da3ef85922aafd9ad29c5b2418172c,222.14772016999999
0x67f118166ba2745656f99ea58d62c002c26cca18,218.11821573622325
0x6073cffc1d46b1ea57ba89a28074ca734acd7003,210.85647238
0x99241e58b4c5835fcd5963549a7a6d6852a57b5e,206.46321446439705
0x1ac1183c673c604862a5426afc569eb7374425cb,205.64724852967493
0x7a738effd10bf108b7617ec8e96a0722fa54c547,205.32077288355657
0x8efd27a5a585e2220d3d013f24722d8474eaa6f9,205
0xd9a809b28074aaf1db121e6329ed64dea485e605,203.49806113
0xfc9265a28f66cf4561d74a4e25d7bbd3f482b8e6,203.22229777999996
0x8efe51753defd7a1a82458731fbc05fa04cb2d1e,203
0x537e0c85ca9fd164b2f28cf4992420b53fe65d02,200.6500522883418
0x503a04d04e00d9b0c0898e2d7a16b857be6cdaf0,200.0790720120383
0x26d3be736ab6b5d8a3266ffcc0895ddc1bc19a38,200.00035951480186
0x62440301842152ab442d02e36909337d1aa79f5f,200
0x5a1f55459c07432165a93eac188076d2ecbf6814,200
0x6c9258895ffbe2178b3edefe09af304a1e99bf2f,200
0xafa3e6e29d99337b166b83fb24ba17b19764b49d,200
0x2f0642874d5651ba794f8e20774cf9452edc96e2,200
0x6c31212a23040998e1d1c157ace3982abdbe3154,200
0xd034fd34eaee5ec2c413c51936109e12873f4da5,200
0x701d0ecb3ba780de7b2b36789aec4493a426010a,200
0x23c0c5e0d894d006e4fe4520b6c3d91b7f9ef7ab,200
0x87f64272eb089a14dc5764b848e3488710b829ea,200
0x87b8825c43e107af580f1b11e3723e7158894d58,200
0x2cd1ba68d5e55253eb6e35a140f320c5b229e0a9,200
0xd779afee481e3df5cd0544f0e4353cf534fd99db,200
0x3abdc9ed5f5de6a74cfeb42a82087c853e160e76,200
0x19a2bc678785bad6a947a87494d480dad57711c6,200
0xeb4e3e9fa819e69e5df4ea35b9c7973062c96de9,200
0xebcd250474c27cbad3c56f3f34e08f97b370ac2d,200
0xde2be7c9c542c55a7a77489a3a7745493988947f,192.1448370493503
0x73b9f6a6e52ace2797f0a6e52aac530ed1f2a2af,191.54709625740932
0xe06ac753ba7cd2ece57e44be931463cc49dad234,188.26459291180876
0xe1040ff4a02ce745cf09ef9cdf3bb586fc443c8c,184.84034392067764
0xb7fb92b17b25aa8ede37f80521bb383c9e203e6b,184.5532640805361
0x6f7f969e7d1a484c80fcfab09d7cd5637092d1c8,183.24118592
0xbea26de685ef828b60ca53b40ecc9bab35645fdf,182.11389320129555
0xeb0e6ecd0e78b0a84ecd9663a041f453c454a99d,165
0xc0f7529a29c0b5ace18e21c71a00b6135088a361,163.43092418586465
0x867c37ac93a645cb3531a5d9dbfe3085dfafe640,162.34332008240406
0x0b5f8b66e1ed03b465af5b94802a1a233cf42baa,160.29632981380323
0x0d3662a58010592abc77dedbf06101c4f0dbb357,157.64754547341266
0xdc505c91c5bc45e8cb194e4735e3f8f6e3e3ccb1,157.35541338516984
0x252eaf4e79410f7d67a3869585fc7b6336c825db,155.26500941685694
0xbf3c8d262f8f838eaf044d3f62976089ed00a418,154.3345
0x4718ce007293bce1e514887e6f55ea71d9a992d6,153.99869791488373
0xfb4a965a35603010feacc648ca022cb6a12d33f5,151.37030000000001
0xdc1d963d21c9c1bff7b6bea6e10080daa9b4fc51,150.80560108983096
0x8dabc053c7fda425826d913a58c0dc4c2a0b36d7,150.70939440528593
0xc5d82775c9bc5272b1225db8d62b7034e064ba91,150.6
0xa8e5d871de077d625cfaea1a5d163389fa091e1b,150
0xe6c30ad5aee7ad22e9f39d51d67667587cdd05a1,150
0x26cc56986a3f0f278536194b868ba88be1c8e8ca,150
0x038a4e7c11193ebdf6fe574bd9ecf6989c8beafe,150
0xe1896d5e7547d63e79861d53a3dacb066769dfb1,150
0x13f823967682151bee6e571adf8363dc41274d0d,150
0xcb0424775ce3f6d1cd15d5622085cc7e7e47ff76,150
0x8133a5dcba30387e88b8dd3b782797ae00defcc0,150
0x8bfcf8cb383149d4ef37e7a609cec195cdcbe099,147.1
0x0ea26051f7657d59418da186137141cea90d0652,145.79482241999995
0xf904c82a9528611bb7c9d296e238bfca45b9eab1,145.25254514443262
0xdd0206010ca82ff22303b58863b3a6f3006c86c4,144.6422
0x96725fa2f9a0b5baf80fc36c20c2ca79d86424ed,138.04120642
0x055fda7eb509cc338c898b0f698b7624387ab813,135.0441783654558
0x22baac1e95efc010e35d5ed643bb16c9db254a11,135
0xa2e4d94c5923a8dd99c5792a7b0436474c54e1e1,133.3728439117623
0x0de046423099cfd8c2fe02c7e1155b018cdc9992,132.68749998098008
0x311cb5b8c61ac1d160e3d21a0390d9c1fa64688e,131.06355282010483
0xf8a025b42b07db05638fe596cce339707ec3cc71,128.21215133833908
0x40636c38f9114b89a89f06c7377aa26c79800577,127.6234468230203
0x82d92494f6fffb17a1ddffd9b7d88d1d0a360009,127.59260384576064
0xae2c7ab762317db453317b70f1f40145755fafb7,126.82
0x7bdae9aabe238188c4882d48a3aee21288a38ed0,125.52
0xef5acf276b7ae0c1060533236fa69b3b04fa52c5,125
0x5045f7ae251d3386ec48a0c9283503ec9b0826f4,124.96225007494934
0x29dc0494716b02de4a4b82650b786329c2ae4cde,124.20598104000001
0x01bc28e036b6e75247fe8f49f0a8b9410b19d851,122
0x8e7d20638947132b0e6e1afde2da1b103aff9280,120
0x2807f448dd35805a3c76a63b21537515f3c5a7ad,120
0xfc7fbe7d037a4225736cbef6e10e57e84aaa1dc8,118.9540231451321
0xca63608615de005339652c0eca93c5836eb0c2bd,117.94046647495749
0x4edad99c0661f394a0780c535b2b581ce1dcd6b7,115.49122064745713
0x877b37d3e5467b4aae7687dd3480a46c8d3e16be,114.87038303
0x0e763409f3a84d32588b90115af703ac6e640f7c,113.58190433
0x8d12a71cb933a4222d42fecbb4ba9c15e455305b,112.4744
0x75535661ab25a468dfb3137320a7568fecda4832,112.1079198920096
0x4103cfcb300599dfcb31dbc95d919592619b4eac,112
0x61fdee2261f9f03011686c523c061d9bc4a2917c,111.88543355446194
0xa1d5d2d931b532a0503e97f540f65ed256f374e6,111.875
0xc8a7ad59ef7c101b76c8d5fdfa521f595b912bf9,111.60272628302792
0xfbca78474a09e2bf3543f4fc1037152ea2c6c32d,111.39926786
0x33c1921ede234483808a41fc4e5c8c4734ed0b78,111.21988230718235
0x5725a458b319d73b8ec84c47de80620e7b191b0c,111
0x6c16d2ba2464fa8026f26c0d5085f163279fb8ce,110.02252587402987
0xed66597b5c6f5d32085710492a75c6f824cac38f,110.00582858015946
0xe7eac2cb20079752875bc1c498ce53a5ed025ab9,110
0xe04f0abe1933499ff1d075fa10738ce7aad26b1a,110
0x4ea8e77c5812e15ce572be6df0715b80a069f420,110
0x990b415088ad6df8db9b7ed7a561b6c9b8af5875,110
0x080b0a14d0d84cee92ad2edc8a69e494c842a6a5,110
0x6e0ef43c2b5bda0e145033a4164d93f8d06d8538,110
0xac176d9a8dbae960e7b539f4a6e16ad9003ab37a,110
0x9b6f53d2bec7416722412a8d1e48aa3bae84325f,110
0x1ee45e962af18a7a7bf3200d561269174b7b3b1c,110
0x71d0c96d7f574d1a734f5803a8f1ae839aa7a5d4,110
0x8100b643fa91d7a05704913a1242b2e2c2b7fb7c,110
0xf48478f4d08387611ec93fa8b25c5e1ab80cf122,110
0x7a62729d31945904deb5cdd646532e4683ed70c0,110
0x0c1be517a0d9d888c6c686ef4e4b74bbe496d047,110
0xadd7b1e78f0e59d96135c5240e1175d5a7dc210d,110
0xa8776899d2601a59a94e3aa057af778b8647f85c,110
0xcff9d27eba4b7ffba8e9d33fc3f894cb095b54f7,110
0xd98ad1fd4aa0e1c876d91968d1385aa9e1aa98df,110
0xd454ed303748bb5a433388f9508433ba5d507030,110
0x7e5f476de2886bb37ed92cec195cb9ce311bfe50,110
0xcddf772f8a3295c89dc37510e16e360ee2d29789,109.841
0x8124efc94c951cf41d4b0b42794c678458a00726,109.18144972097397
0xbd0ec71b9ada90ac6c1428cafd45fe2fca367665,109.11881958090844
0x7e651f5f597436cd0fa941f5ff2cd45ef3f2fda8,109
0xf00a36268b96eb04cd926e5c5fa585a4b21936ce,109
0xdc9c5e34959ec3643af1e1d34a83d6b251aab1ef,108.5
0x8f797423bc0d94da1ee70a70f14c79b0dda9b5f5,108.43686526797038
0xb1f4046f4fabfd0215e82d4983909ae21327004a,108.38496967322408
0x81cc36dda894256aa95458f78b4029381b09bdfb,108.34040139322776
0x187105862b3b540cdb0830cc29be765c67de898e,108.28301358324684
0xc33f87697ef41e0e95e7a55d1ec8180f04088578,108
0x51934b0a6e89ae166f8f28bc9a73444d93c1ec81,108
0xc5b24b213783477f811523649f4dd31dd43f7790,108
0x4b7c0da1c299ce824f55a0190efb13663442fa2c,108
0x40de3299bd8a10d8ac3f32c1a55de40640cf9b75,107.83966650182309
0xce00cdddda17c2ced350b11aaeb203577f557c4f,107.81428608567447
0x529dc928e67d8a43133d10769b308f1d5a629401,107.49594042140723
0x7fbde8b27d2b4f164b66f2a9dc02bbd6697e5b19,107.01015528717019
0xdb3926b5d93057b7ee5e16b7e8bc3778a78a3521,106.86296349703605
0x3fbcec42405391b1fb377664daa5ae7bc9ba7bf5,106.65954629158304
0x3c861c7ed852e584c671fabed429a03afc6a5513,106.6361200901278
0x856264e6f10233b3b39fed694817be8016428a22,106.54343739970909
0x84eeb7db3f93feb5a8a98f56dabb970a6797c187,106.39696308077495
0x8c8296a0042e842cb865dffd94678c941fd24bae,105.81857100702913
0x1341df844780b66af4ccc98ae0f34be87eabe1d5,105.50629703212105
0xd8821dbbcb8ea0c14bd1f0acbfbebb3fd984269b,105.24041271098463
0xa854ed2813c5a428ef74823490ae05546151c8e0,105.11825024480771
0xaa95ca26c92b0634df7a1a1504f579f13bfb7f9d,105
0x6ceb397b68059ca73049874d0a30c62500ae9877,105
0x0393931783b1d0ead3b8b0e0f44c1f23ec3c4af5,105
0xf1bb436c29e46b1987bc825879ffc9c34ab97f99,105
0x92aa8cae5c0d2987f2e31ba99c96da7008d1ee51,105
0xb7025e51a5dcca0cb1c03f66fe31f5dcffd599aa,105
0x5c0e1377edf9a8e4f0430118ae5381024186f12d,105
0x2bb96f44b9709b02189a50b377755edc30bc65c7,104.935
0x73306dab0d39a4d47df4972c7022cb2cac075d4e,104.81061025854477
0xc20eda381387ca96e1b1159a419beb3af3726211,104.76216441366141
0x0b98718264ca14d0a17c145ffe1e4f3c38a39372,104.41535486978357
0xf5c2087877218aa979dd0e2e5108837199af44d2,104.13780612765964
0x8f6e64ae16ae676ab7663cee4dc877431b344f38,104.03342080876318
0xcbc924183bc32d02746fa8d38843b5ce08662eb4,104
0x4520cd8bc085b962ef8c0ec696ac9d3ef1d8bf55,104
0x914d5d84aaa064207c2c31014426227405edab41,103.95022200949649
0xe61d7202139a4e0b107f4fa7196a3d47165587fe,103.90177849194177
0x6663860a5b9b78ba0547ae2d06dd095f1cf50fe0,103.82591464807471
0xe8b6b71f3b1e6d2ad406d2cf36b1f2c567342df1,103.68651813
0x5c1389dea2c418c1c0c10ef210851942a1d67fc4,103.6761351388449
0xd4443a0bfdfa313a3cc17f1c8c7aa7a3bdb95ad3,103.58183373283646
0x3e1b3188fb99de439e75e647216bed18de16a9fe,103.3793020528495
0x57ccc081824b43b75986727875929af3a6ad721c,103.37760603315554
0x49909b9aba01b4c52bad5f5014eceb0198488a08,103.36897804981818
0x646890e402cbe7a53bf7d4ea346e7e5b8c620924,103.31065709704356
0x8fb7087336678f36e42313f6130567a109a8e73d,103.22236741786679
0x549bdbdd8c0688d9ea6b689615b2f56d87c9a519,103.17571894168543
0xcba711bef21496cfd66323d9aea8c8efd0f43e9d,103
0xdb0669f9eb81456ea121dbf732c85c2848fb1920,103
0xac4827772f293d7a0d278aa78795f78c717f9e8b,103
0x115eb13891945bd81eaa2608d27748881db64304,102.887147804301
0xfdde7ae208b3596f1982d66f6bae4cdabf29244b,102.85942887804921
0x02e4cc9fff7566563618fb21b3bb10eab4b3d726,102.83651301714582
0x4d1b56274c01481c0312fca332016d83512beee3,102.78989050330568
0x2edf2717ab68e7eaf3735e705668d8e56c91db57,102.74620390596893
0x9ae494fbac34682c122a1d4e3d6ae1eb5404a469,102.51420400991287
0x6b398d10e223f24c7c291359607c0282c03ec9c4,102.3608035
0x05a5b0e607091636bf9d54648042ff380349e61e,102.32670923849854
0x850a146d7478daaa98fc26fd85e6a24e50846a9d,102.32052044374697
0x4a16fec08c95134b6854212cc7904d7514a188e7,102.3076908789921
0xdb7a41e39807e8c988859f150296db92674b7dc7,102.02129301617322
0x508a4f07b60ba0940283cd4e32d5deb0cc38adf7,102.00148329408651
0xa231a5ae629a0f15e1c1eb3ffbf813589e206926,102
0x324b1873568fdf038a6e2188d0a9374b36725046,102
0xa7d520e55f9ba31602db22876bf0b28fbcae8109,102
0xb7f38995af2e402ba53b2f1fc8ed26478f21a0dc,102
0xf5ab6b4a8d578807491ef59ce855982990932617,102
0x94d27d601775ff0db45122be89d5512a62699094,102
0xf498e77f5bdb491262e0feb79c122d136d6ba653,102
0x140d3f60ac840571a3e08e218b823094d4715564,102
0xb5b6dfd11427b70b3d5511973193c7b04a043759,102
0xdfbaeef21396bf205d4b7d23345155489072cf9b,102
0xec5874e2b676b5dc84c97c7470cfd231fd025433,101.99998988199596
0x81517c39b60eaa95479ecdf74e2a7e0ec42bf14e,101.999989842878
0xd5f17fe381292a1ca3a0b1231ba4b543daa871ce,101.98629929322964
0x32dbef8b3c7dd3e32c874d8a62162206518e5906,101.87894093666672
0xb7c41cc31ae1b2073e41d906306e1a88ad550b4b,101.40285988079165
0x70fdd6af0376ff7eb84f5117a7c59c6b65cc46ac,101.39160251544402
0x7f1fbd21dd9d64d0d34fa65dc8c0211cdd4aaa09,101.38215521136541
0xd986f64f1558eab65ce58d8e24086544c3a8211c,101.10583344641334
0x9cd7d1981b3e15a2dee4d512ac60e0579ae18546,101.1
0x3b4f0df2f202b93dcc3e0502e27e423934ae092c,101.08840622849351
0x4dcb2bca3450b427f3d1b424c885259d05363080,101
0x2c3e79d3dce90fb0886c89ec602e61757e589a94,101
0xd364055a2b9df6ca96970cbd6827991d741ee66a,101
0x2bc12061c8912505978472c21d4a23db43af62aa,101
0xbb4d885fd41c807e8ecc2dd9e6295a7f96adb0eb,101
0xb2b9300475af157676c44ee64d39a5eb3c294dbd,101
0x073a360c372fd51bd6e56b4a4d73790fdaec4641,101
0x2cab4d881962d247218356b32abc4aa5c46ba0d2,101
0xc8c0195e40fc538d74b6da307359d086951b9ced,101
0x8e30dc2aef957b1f7dd67b1b7bc651ffe7e17a06,101
0xfee924792d38a36f9289eaa7ef4107af244e1d82,101
0xb38877b39b1f2221d36b11a82d7bb1e05084d67b,101
0xa866d395a4a4beae21c30e60177b5d92d39222ce,101
0x7dd8030f9d33af4a40ee074f990892e825132e61,101
0x76e059c6ff6bf9fffd5f33afdf4ab2fd511c9df4,101
0x48a58fc2510258d216cf9cbb28154fcd4a5b9d8d,101
0xaa7a9d80971e58641442774c373c94aafee87d66,101
0x686a484bc2e2be79f358c7055e8539a69413a3ed,101
0x30c7f4f7504d6366916f669cd8e731ed4df6c702,101
0x6f7b93cccda8016fb4116fa8b21b425613538b0d,101
0xd2b274e743593f1fbc0d7c5efa5c84bc69450f69,101
0xf21e38ac177b48fde02db7f2ca97466ae8eae87d,101
0x3baf04a1daccb03f4806694cf1a266e1c4df1310,101
0x8da555dcb53e65b34a5c86360259601312e59ebb,100.89948676820029
0x9f9b32e0de4a17e9ecf944b42894f46ec6c007bb,100.19721144
0x3ccfd7d61911f13bcb64f5eacd78afeca970340e,100.10123102212562
0x95454fc05393b492fc67de7fe56a3dd219026379,100.00000000000006
0x793e271b7630b1655b28be2ab4be93d05cf1c98e,100
0x85a363699c6864248a6ffca66e4a1a5ccf9f5567,100
0x7537cb0aee6a3483a7601ebf1084ed4df73166ab,100
0x0743542070891051861f8d0a4550f97b43b0b89a,100
0x82465efd928d4586e0ee09b261ccc6fcca5b8cb5,100
0x10dede4b9512e6bb1c53e1bf60afbb6fa701e68f,100
0xad851ef1ad2ccf8f87413e6c274bccbec37469d2,100
0xaa7b990fa6c1b3fb3ffa09838ecf3a630b2537a0,100
0xfe2e3ccee9714b29ab2fb4e940e52672194815fc,100
0x81aa9aae738f5625197af54e1f3ed9733ba20054,100
0x07a79729efdfe0cc91a91d0810f1ff56bb1cb8f4,100
0x790bca9c7a8865f9f7cdb2acfef2f2c2683eefcf,100
0xa19947da8b916f64ac6f362cec9001d8bcbeee93,100
0x43d98609209e4c143fa719ea59f0bb61469e5aa2,100
0xcb36f8580a36788a48518dec95ea458357e64e30,100
0xce849efc35a0a0a046e67c76b477c5432e4ba58b,100
0x48294a067d1bc5a58bcbab4b3be329d078d9e1af,100
0x665383e535b9b5628316b6f316e8c59b8c575d29,100
0x55f5601357f6e0b10a3386914c93916c6c9a368a,100
0xefbea0c5ba579857060328a3d7b5664268ad719f,100
0xeb263241eb948cc0eb53a58bf743289d074f474f,100
0xb1425f23ea4885d749ff89f3a9481aa3085abc48,100
0x89d323b1c5cf11bf5fcc31e359c03d10282ef610,100
0x07506a5f48d71fdb34d3900fb086d43ef1b58ff9,100
0xce41429cc8d2eb6a1e59da8a28fbbd2ac72599b6,100
0xbe9e7b0ed19526544b55b697107231f9467a805f,100
0x5cbb6ad79008908aa125667d1300558d9253b589,100
0xad9b136a1007f5108a9848c46bcba36874d757bd,100
0x82073f802547feeec0fd49719a3d7697fb66076a,100
0xeabd9371098903e4e476a2a68d0c6c80de8de7aa,100
0xc79750d055baa5fd58e1bd84d57c618411088161,100
0x7c1e9430655963129a0b6edecd8398c06429209f,100
0x0a046eec84765fdfa28d6a1c3e01a6e82641fb2b,100
0xa85de57d5f22560e7c98012bfb8604af20f35933,100
0x7f209fba8ebac8c1d420efe97ae878842ee08f17,100
0xbd4d5116d4795fd6f785f524c4dc9f28bc5ab308,100
0x1d44404c1c53991ec33095225da173d544cd4af3,100
0x8a1fc345452e881c13889d64c99b5cf6f682560f,100
0xfeb3e0f50107f6cfb2ec8c2bc8287f2707e0e2ea,100
0xd8b41b798a7ce8d30cbc87f007ecb95e1d3c876c,100
0xaca2f322d69e07993e073c8730180fb139ca4446,100
0x48e206fd64ddbb9714be058ca6ea6f1479515624,100
0x05e58eb69918074344fd6500381c9bf41d657c86,100
0x121ac669e4c99ef4673b22d57431b3a521292f2c,100
0x183fbd560116a3ff9225eed091592b54733bf992,100
0x23fcb3d855771abe4f9bb2551b5d05f3cf5ed2e5,100
0x5b3fd82cfe646153d5b2659fed8763486e77d80e,100
0xa515f7fb260095eebc860425493b8761b4fc9abd,100
0x39507d530dd2efd2731085524e69bcd84ce5d900,100
0x4c11ba2ed1d936d769d0cce34cbc7ea1e85182d0,100
0xdb02a780e5e4370f50584986822bd551c84fed14,100
0x20da700ea03e9fe8bf3409d6f66105184aefb2fc,100
0x014607f2d6477badd9d74bf2c5d6356e29a9b957,100
0xe3e982096481373e75290b12fa95457c982d4394,100
0x8270a0febba70899419e76a98bf2b5dc15fe2ff4,100
0x9c0c9716e3b8c29b5415b0870c6f1df47af63a89,100
0x2ab6b941a7ac38746feaf1df2c4798b2000465bf,100
0x78bfaa9c9fe1bae8371aff786ea17278bb2c3c44,97.50984031891706
0x3c42803d945b94d15e282ef721e9140cf61122de,81.31521517131753
0x9d99ff2f3308d4dce5394e63bb2827289f5a91c9,73.355957187107
0x8152004d6660a2182018352ab8aa6e917cdb3239,60
0xc0459b954be7f8706b6e8af7398c6c1e4aa1cfb3,59.75384908220314
0xab07f7c93713d0864e7547c66d706b687b6300af,59.48
0xcf79a33acc3b1198f06a409b5d2e38e8f13f9c03,52.553971672117406
0x396f46f439de1694e18d9f7efc9cbcacd8574d54,52.50880421945295
0xc72327a0c8dece032a3358b5cac4f2f2d17f9dd2,52.505359749548205
0x400592a38e38379065c9246dfd96a08c84112f64,52.490938921582114
0x3ae33a504795aeaac835e3f5060f167f2895f3f7,51
0x92eeca199466877a56eea7b939b54717f6acbc2e,50
0x0d2d685b3eaa41d9db61e2d34cd8790e11bc96f4,50
0xb57647a76ff50a75eb3f25c1f65764a287414c5e,50
0x7cdfcad9a7149ff39a0decc547694f64a50c0b81,50
0xbaba775a0400a5e442335ceaa4820edb1ded8f73,50
0x8f306b87c650c94c544f82001e7e344ebd626555,50
0x5cb6e6c521e1262e24a4004f012ae6529e61e30f,44.891407879999996
0x1560af67d207988940fa03d990dd74670f0497a2,44
0x81cfefd8e562a511346fb5872126b72ee6fa5132,44
0xfad96031f28bcce112fbf71f207a9302d64d937e,43.07357649313872
0x0f29b163d459b766240eb465cfc5e332453e01b5,40
0xc6bb80ac6fe401772d1fdeed497da201241a5bf4,40
0x5157d8ff3fcfacac630a1cb5bc9902dcc8433260,38.85
0x92124ae71dfdd7506c2a5bf9fae6834b100c239a,37.002028948845336
0xb224614c79ccc0b31dbbfacf4fbcde178a0d8817,36.53186093195775
0x526c9c964440ebc308ac95f3df68feb5673a4714,36.51260913478303
0xbded3d6abca4136116f930e78d56d0b111fc3e5a,33.030265315325344
0x91d4ebb05d3273bdb74af69c20b826f9e76ae542,33
0x0e26ad20da3ed9530f34f0ce7cad089099a5b5cb,32.58163085728776
0x3a2fac2ab3cf4bc342910eac744cc68c8b9a69bf,31.979073847355153
0xe0028eae12c1d85e0131ba98f4079e43e4a6b289,30.65725331
0x7f7cbd039489f3936a005d0ab5da2e75bc786d78,30.287461490665507
0x5154823f97fe3692d070e038507348c121dcba24,30
0x3db5b38ef4b433d9c6a664bd35551be73313189a,28.67867774390326
0x43b918a38910fb79794d1267a90245b4721d1d3d,27.9
0x4a38c18f58e574c28c57e3344f140a32141775d4,24.873900893744842
0x3d88573f89395178f43faf65c88a2607246c34d4,24.7642
0x2a87c1345024ab463acc26417124c433b3069fdd,23
0x53cb259bf705a5d1cd421397bee4e4967c918474,18
0xd861415f6703ab50ce101c7e6f6a80ada1fc2b1c,17.671985393118252
0xbd9c1edaecc5f22ec8d2cd4591d4bd2a8c33d6ce,15.185800524737068
0x456a4f21597d3ecbce4b637d8cac315f1b80da0b,15
0x9f0ba6e1845c751eda1113f22748cea91819f582,15
0xd1c49d7598faef36406187a6f88b8692e0d3477f,15
0xc1f25a8d6a7dec9ae97714bd5c2c058c7d31a6fa,15
0x9131842aa84a747e19cc8b8f4e2eb8f6d03d9a3b,14.899486101297978
0x7bfe57865fb7b6337f543cad5fe854fe59ab3d50,14.1337178301036
0x30fa733b527507f2e111aec41e8d2be76b71fc4b,14.104896800517476
0x0e5e4f0f189a68ff463720857f9fcf7de737f4f0,14.076163837535585
0x13fd7e5735506fdbba0b7dba2883057a9e707b38,14.047518582723578
0xf2019c719303513133d41113d6d40353745aac4d,13.373652650217249
0x1df28a7b5524e0aad3a76b52240211cbfb9cf64a,12.988201589660328
0x62ae87c843d94a94e6a2431cfe78b00f58301d7b,12
0x0ad5ab29b8aa8a8c7bece5f03cc5efe8a2ab292b,11.519149539701253
0x8d8bea3962ee60b35c138e62e656126bab9c8128,10.447424743718699
0x5f5d8b3cf23368b9b5fab4e4a391a998803c292f,10.000000000000009
0x7a122100f101e8819b23f237d62a3bb7480a6ad0,10
0xa2454948da025e7740d47fbe2f25da9deda09333,10
0xdab5541bfd1297a128cb6cb580ac9b58a7d574db,10
0x4e99937fa9688bcc17903da8e28c3faed3c59aa3,10
0xfe5f86f8aefb83d96c5205c1ccc0b140cff79e09,9.947945332788246
0x5186d8f68b9ecd547cce075c0a6a0f24fe9d4bf5,7.325577988103261
0x3fc2ca5d9629f2826c8fca8667e1c74dae3f76d4,7.28374962679525
0xd19a63ab65ce2e9e6c9b62cb46a89ba86cc0e67f,7
0x344aedd72a51bd30394f9f4cdb754cd4be3c7f51,7
0x27de09bea814d98d966bb53b258d121e2792cb59,7
0xbe7bb2b98a67c7d5d4676040a59f3188ebbc5842,7
0x9ea2f43973439d98603ff0d1788d571ae056c341,7
0x187878aed05077ca0a6b586aa0cd633fd31adc06,6.7570028817912124
0x6624a709b7557db3be1a7ef701c7ceb6e8d7b97c,6
0x469f7fab9343857e0ace8be9a5169ac24b24e396,5.452882590157201
0xc5f450608828a7c284f488b7313fc90bb7acad15,5
0xa417100ddcd35787e6c0598e63db45ef5ecca567,4.866584235830085
0x2f4167abaa9779e41dcd3798ce7f9d0826003d4c,3.867533837568302
0xc1aaffcaa8fca34e578dc1db08902dc8f29f38d4,2.8504473789341733
0x39c3bd73ebc48b492c5e87e69c8e4ccd2342bda7,2.2395569938548827
0x56fa14bbe0117ec01407ee86c20dfc1a1d2f51f6,2
0x8ad28cd5a95fff99130308278c1206787136d969,2
0x6fa54ef1866369bf23c8b840209ee5eef7533169,2
0x1c0594f4fb52e536a298a32bf2e2fa2cca954415,2
0xdff44058433a0ee98bd70f4a49aba17c90bcabb9,2
0x1b3593cafcf7246e071078876872d48406b04867,2
0x4d29a5fdb0787690bd1c68e0107753c3ad1cf67b,2
0x5bbcb5e3bbdd08c694ca674d218c4310ae2fb13b,2
0x887cf3351658479af1a7dce6e306145bfed532bd,2
0x41cb654d1f47913acab158a8199191d160dabe4a,1.1
0x03cddb901b84f7e4d49350fedf0b764ab6fcfe73,1
0xfca99eeafe97936fb923388e2cabec54fd1e7731,1
0x237568bc7d8a2dd69714519c5572649bed6d4cb9,1
0x0590d5bfbbde48ed966b056e2a670dd424d5d4a1,1
0xf1ec938a362138ff0cc5268ec32690d9a137e83a,1
0x4986ce0eb00cade9450aaf7edb5bc33a1c83ed87,1
0x6a303c789ca70bb0562f84c1aaa308805aee9312,1
0x809c9f8dd8ca93a41c3adca4972fa234c28f7714,0.4377890238414466
0xad2a23c2dbd2fb6c55aee22d7002fe62d9d09dc2,0.36331418347506533
0x81f40fb6c4f2a4aaa40ee56111258948881bc45f,0.3518523611528508
0xcf86c6056b412ed69c4b53d4f18d091a284d7b9b,0.23165789293268801
0x0194325bf525be0d4fbb0856894ced74da3b8356,0.08001999157841055
0x1495d3a454eb1301a0b4530176099456639ef110,0.07075142296085121
0x657dd0c36cab330d5df1bd45d327d0e6c3f7e2d5,0.05
0x92b52e6441a9e2e03d080e951249d93df222f855,3.637978807091713e-12
0x0ae3636a58b2c1455fdce1e3d3db92dce03b8cfe,1.8189894035458565e-12
0x6ac81ed433b45ac181c9764e8402ae9ce413633b,9.094947017729282e-13
0xc2e2b715d9e302947ec7e312fd2384b5a1296099,2.2737367544323206e-13
0x18cc723d001d0ff6d9508e412c51733de9163b2a,0
0x301605c95acbed7a1fd9c2c0deee964e2afbd0c3,0
0x864836929f6635880fccdc09001a68b0de863dc2,0
0xfa2199d17b5fae567bf82a0806921a20ddffe8d8,0
0x75b15cac68746a058a13178cae342317df861e90,0
0xba56878729540404de2aa14561b451ae2350744a,0
0x8fa57b2c09ebbb5bde01f1fce8fe5e06074b19be,0
0x6a5c65f6d738fc91585a64aab73acc59a94fe431,0
0x27abc2b0dfb20c0314748efad0826266b99d2be0,0
0x2e7adf775d354bc8dff550deca0a9035181f61ce,0
0xbd19a3f0a9cace18513a1e2863d648d13975cb30,0
0xb7a4fd355507206ec365eface0a17a4c26dcf940,0
0x6c05ecd97c3a2b1e15f832093aa15efb7e9924fb,0
0x4461eabec259e164ad5da873d5fc4c0e1fe8e6b5,0
0x514a9771af8afe71057666b680238dfbea578d65,0
0xc2812325cad4c4c782cbbc1164e9373371d31db2,0
0x3662e728316e5fb2b7b47dda01c883937be39ba6,0
0xe6d81775dba01cd69ce1d1271b5c5408e7866e01,0
0x387c4cc5cf37e917d307c957eaf7e5227e1bdaaa,0
0x9d5b61a09065622ac073fcebd8058121fc34f755,0
0x002b5dfb3c71e1dc97a2e5a0a7f69f3e7b83f269,0
0x9633bac0ae8d720e2016d8268a9030a6acadd784,0
0xf553c8223ca8542af9db7b916fe9dc7c28b73751,0
0xcdec2c8682840d593cdb221634c16dc6aca77fe9,0
0x2fcd65d9c8078644adcf1cb0cd70a1b61f3f9c5b,0
0xa80b9cba10e137cf1279128523a98430b0f30733,0
0x3e48ce16510b849f83bfc3605a57c28f80a240e7,0
0x3f9d06d42cb2b04ada2d9a8cdfbf63c5206d7deb,0
0x7e4cab656162c16a2326c7b008c9cee2f978af5c,0
0x20cb97ebc067befc988c5e2fbb198cd9e2c40c93,0
0x81bb77ee193db0ef6e9c5889ee77fc03387c55e3,0
0x11212242ba29e3544b7fe2bd18ae328914b0ec5e,0
0x31cb82d8f4d40034cb1faf00ec4a173f504d27ea,0
0x8be1cf753db9a714063bc774fa39e5e2bc9b247d,0
0x40db8365d1252bcb06598927698238a99d39228e,0
0x7993f18c91a9f68593d308c5846f380a2a374f46,0
0x6cddbcb720f037a3b4abdd7a39ca5244eca2220e,0
0xaec559fdeb88389c7d0cbbee50ed0b54428273bf,0
0x3524558a96ae7959dcf98ca399547fb35d876193,0
0x8f791f061d7f36dc07de081ad88f87d71be1585e,0
0xca119907cfd60c35e8eedcf99b1db01ef8c179aa,0
0x3a497a2a8b35b934bf271938502ca24e444e689e,0
0x6b939b45281c1a478046e61f53ddcb58f42dab5f,0
0x831f4ed6c49557318f06bfb7bce8488090cd9ecc,0
0x8e3a92f82ea855020ba714e68541192b9bd6c5b1,0
0xb7b1ba671434e10df9daef5d24054939c1bf79d1,0
0x223c656ed35bfb7a8e358140ca1e2077be090b2e,0
0x315e1a5c796b734585c27e615b774441372fbd08,0
0x642c0b9eddd83dcfa735976dd1cc844c0b1204c6,0
0x26fa48591030e6e93f69877986a777feb0626ee8,0
0x56de6e445d3181ca47825fad343313abca06d685,0
0xf0193df47411eaf686ddbd99276572210838bcf3,0
0x8f6ccc53144fbf46ef7f4f335ed4f1455baae848,0
0x4506568e4733f3062cfa9cdb952ba7904fc7d8bb,0
0xcba6f488f384be185fe2cf77915c3d7a3e9d5c57,0
0xf60581c6dba9a2bd660b7a83f73705a5788158b6,0
0xee549cc0a0ab1aeea4bb326a1de9fd1684dd83b6,0
0x76e10e91772c99b862ff005b7fa934322d0c3df6,0
0x104af6c440d274a4abcb353c0ab85dc2f911e074,0
0x3bece46ea4cb308b1b8d8f50cb1728d6a4a20808,0
0x0dd5ae26d3d2a742bc50010a486551b0f004147a,0
0x22ec7a4429c381f5c382ac7ea624cc05d37ffdde,0
0x448811ca2806a04ac3d1f356537dacc4d03aee87,0
0x7c8afbbd7239fed03aaacfaf1e4e30503e90c2d0,0
0xc6e18de9930a1b90f339e09c574a4123c3eace83,0
0x595c51223860baf322837269d69dc76016c6eb1d,0
0x7d018576ea5ea84ee7a4cc1547d1b5365e8db9f8,0
0x0a251df99a88a20a93876205fb7f5faf2e85a481,0
0xf04aebaa5c9e6ab7f2ae303f76504e00e7ed43cf,0
0x10343b076e2bcac3a66dc7e72227c6591f5b7df4,0
0x5833869fdeb4d371b854d7474f5f84b43320fd05,0
0x92af24fac1326517ce2e536e2afaf72419103422,0
0x06582c5cd9ebe65982850f506bc9acb9b252e478,0
0xb986a0263b045b45765dad38a000334c1e10b6d7,0
0xeade5f65f6413758b3b29b6ee4514f787aece468,0
0x9dcba70b2dfe5807e2a847e065ebb666791f8b8a,0
0xc19c63d295e19d8e3be7d4fd32b6e29105bbacba,0
0x3e68fca5b47bf0510debb0fa95d51c54b032a1c8,0
0x974c1b672a653d037dc781948518f0df44cdda5c,0
0x4339769e5d64228a063a19ea5244633caeeccdaf,0
0xbbbf9761ed965d8df66f416b01bbcb224aeafd4f,0
0xc90bfb542e4d570f4e9ff83d0d6766b2ed3a557f,0
0x9c42b0c70d0daf1211f3aab2a1e6ec5e717de12a,0
0x801a6d6dbc1e40466e131aa21d951629a9efab4e,0
0x64bf8d9a93a5642ca93d98b5db88b2cc953c8426,0
0x2c053707f844bdd9167d20a385641f5d55b42a70,0
0xc61bdb1eabe207ed7bd3e05e159f95874d98d4b6,0
0x41b0b75802b25fbc14e0157f9341473843c28e1e,0
0xbecb225ed2f25c5973f5b2c8455aef2491177ee5,0
0xc28d2fdfe6d5a482d32f855457bb5f8cacdb32b1,0
0xb69951a0642b55cd5731535ed5b290fa49d3454a,0
0x117e1ebb7d05545064850513021df6ade3c1690b,0
0xd90a9ab5fee2c5d3d4cd1fd508ac6e1b88c7315e,0
0x9924285ff2207d6e36642b6832a515a6a3aedcab,0
0xd43a380bc2ac4b537a98e2be1e2bb61ea0ebfeb5,0
0xb68da7fbf71383afab240839287878539cfff20b,0
0xe8aa836a597a66724d678860d105561c13e95bfa,0
0x597dc4159a4b85c086c3c679a0b6c8fe2836886f,0
0x87690be28b65f13394741c2c2be5a6bdb0505039,0
0xdf06a761d286c0ae835173236e1f12f1379e4977,0
0x9a80b66902b2053fee6d3afbef84d9cc0bd5c563,0
0x2842decf9baeb5ec76988d1261325329848522ae,0
0xf7a3bc9e0962e15a0a4dd5260263cf0deea0808a,0
0x3c01c79bf796196e1d8ccb6e486c6d246f4a48a8,0
0x8d247f4fbbe81429d3d164a5c9ae0063210edbdc,0
0xf95d9549b3ab9470d306a6413aa45082e8b66043,0
0x32100d624db723715d30ec7462cc0f24c6b5b651,0
0xd592d65f52db0323a93a929462a0f63b540cb324,0
0xba84b5ca750b33dfaddbfdd1b7c6887885a34977,0
0x50544864a4fe04fca8401937b849b48e1e53bcd8,0
0xc117d2f70be4a766e7f3e055547e7c5403d447bc,0
0x8ddb01727e1b4e870d2d5643e653b74ca552dbe8,0
0xf7253a0e87e39d2cd6365919d4a3d56d431d0041,0
0x5ce4a0f869df52c60aad20bc2fa8034459e9daea,0
0xab1c327651a974890a21d79fac2c6150d44c3d10,0
0xfe324b463ba927af7d08c34fd4abbd267b133ef0,0
0xc8ddd59c496d04c4c060ab5038d03d661ddc2617,0
0xdae154f23b3471fafb52a0e0d9c996b2f3655069,0
0x3be70936fcf9d3ecaad5fb41d24613d33efe3d2a,0
0xc003a79dc66c11e2567f8ae8493116abed6a67a0,0
0x342ef21a0d41a77e2c8a8063bb640f333ff7278c,0
0xc5e9ed18eb959fa98002d219a0d8adc7781a1d76,0
0x3ffd0c300fa4a021364ae7e85a7b0d3a02133f99,0
0xc9c32a8c745bb66094b8b27a74be48e84fd1a8f3,0
0x3afcb2b25ce7c76c15bb4c4c43780f76b6181479,0
0xf3e16a28b09be3836e66f091613c230128141fc1,0
0x8c79a3252d1ca011dd1be1d8d9ddbdaa9f445d14,0
0x4d710a7a46a221b3361bca2e524af4c1bde44bae,0
0xbb5935daafbacae82c8d2ca8377f16073d70061a,0
0x2615214f8200b526a7b1eace03971f2672b48cf2,0
0x2785892d3cc01decbe4c758c12afee37eda7ed3b,0
0x4dd6720d2bb8721a46bdf9a528704164578e03b9,0
0x67243d6c3c3bdc2f59d2f74ba1949a02973a529d,0
0xfbd08fd2b2c7148b4e38624158c3155b5b49f886,0
0xe040fbff9d04bd20a0c76fe44b046d170348e2e8,0
0x6e13e96442af27653b1801ce6fb8edcf7486fba7,0
0x5d28fe1e9f895464aab52287d85ebff32b351674,0
0x3bc3dfa9ac77c38bb24f4283d9189ed6387158d1,0
0x4e291277d3fe2264753cb745c4cabea3b5e06d06,0
0xc0373876c2cc38fc2f75f4db8bf5d973fa4d7e29,0
0x18b54c6c9960bd16b1f7568ae9f39143c2d3390c,0
0xb53b0255895c4f9e3a185e484e5b674bccfbc076,0
0xa64f2228ccec96076c82abb903021c33859082f8,0
0x765a16ca391a6b9249cfa65bf2d14c38722198e3,0
0xed36bf0b2b17768e782db2ece6a327055b2f3e9c,0
0x9d4f5de4367870a599b086ff2d7789544a85b6d7,0
0xea8caeb4f367844eec65fa917ce10a91ee3e69d8,0
0x743ec55fc166d24d2fd0211fb6ce53926d0ff3b1,0
0xa25211b64d041f690c0c818183e32f28ba9647dd,0
0x591a406cfa71bb26935ed8a644d108f0cc3d94b4,0
0x47887e3695cae28f028772082d88598cd07bef12,0
0x19b4effb433abacca77e79c7e7b3a33cc2996c5c,0
0x2ccbbc4c10f5d807fdd447219b57d0b883a28dc8,0
0x34cae1d9e2d014b7b9e6295c66c554d7e79713d3,0
0x6b92686c40747c85809a6772d0eda8e22a77c60c,0
0xc1f5bb071de011206781c71a8eebea7ada8d0df3,0
0x8d7abdb3c11ebe69b557ec32bbc3a93e0ea93b1d,0
0x8c2b3e9946f57820cb2f11b30ce8010f8a74e8ec,0
0xd5df3f5022572f461459fc62dbbfaa54191fc551,0
0xa9c96d71e9c2d499f424b2a490006e8d92225222,0
0x26fa7fc3d3801d039ca313e759a55088e19efd1b,0
0x051c6827f00f16ba8f6dd9802dac2fb453f4c535,0
0xf531c821e44b7d02f3613e794583bbe4a9ed0d05,0
0x4d9e86a5ac368aa4df0473ef07e13ec2fbe04025,0
0xcbd4d0241481b49158077e8833afdcaec7d9d804,0
0xaf7610578f54c7de7563655aaf461e2cbecb08c6,0
0xc191a29203a83eec8e846c26340f828c68835715,0
0x778549eb292ac98a96a05e122967f22efa003707,0
0xe71fbb197bc8fd11090fa657c100d52dbb407662,0
0x461acd846b4cc249b96242f1ab7c72a39d94747c,0
0xec3f542313ac266968ce61a2e4e33b95dbee7397,0
0x6276a3acd2ab49a57fcc07206b33d7ddcb0c5d9a,0
0x680694f3cad8b8ecace7ed2b215b87dbc1d9fcb0,0
0xb59fa34c8287db0a3d503e87e956afba2cb34155,0
0x5ff677061159e4d0ae380607c2572e7a0e4f0d75,0
0x75de9f13184a3dd1cf32843fe2db973e275b035e,0
0x0ac64043f5be712deb6c0119d7faec1a9439bc4d,0
0x6f95e0fe96c1cfb979dc5c6528d4c50b13c9f52c,0
0xcc3d7f9fe6946979215a901bba385a88fdabbbf4,0
0x770569f85346b971114e11e4bb5f7ac776673469,0
0x4c71f7b3e2f5140e933420b65459430c6eb368dc,0
0xc42c77b6b2a2b220b9502f357bbf51334db3c93f,0
0x93ab4ee16f74981b101b7b2333c92ff72c349779,0
0xadaae0cf49b422fb24cb988d669e77f4e015608c,0
0xf6261d145ec7676dc0e55424b679403f1ca89640,0
0x7b4b79c7adb4a7fde8bb3b48b3f133448ce4ddd5,0
0x4892139de0e73141438d9e55d593171c0cc6b143,0
0x76d2ddce6b781e66c4b184c82fbf4f94346cfb0d,0
0x9052d9d9e30afa79a8445b25acfc6141b2075737,0
0xebcf41fffa0aac1dc1b1d4d7c92a7d88694c4486,0
0xaac99181c76c1fbc64fd03024a849458eb184dc8,0
0x70c9ccac86d42b8be0bbb26680cdab1a8e0f8b82,0
0x5ac583feb2b1f288c0a51d6cdca2e8c814bfe93b,0
0x0530ee06307c92fae2a6f03754210338888c00b8,0
0xa9a3266f73d629c19189f461ac8ca42801b2288c,0
0x1375847014ba64517210cbfe185808232cf45d4a,0
0x980fcca4539b4dcbf9477deab1f720f562b940ce,0
0x50b8e07c8166284d5552aaf7e884e1cb2adcca65,0
0x86213f1cf0a501857b70df35c1cb3c2ecf112844,0
0xe02e99b7c9094a04c5571c07320b9fcf85a5e4c4,0
0xafa3a2528e8baad576a83ffc52db9f100debe307,0
0x3b6cce32ba37fa5689fab313371dcf044ecef536,0
0x437ebaea2ebee9a355800acd5ebfeb4585282719,0
0x0acc85d306d141ddf6ada4622f1854422cb542e6,0
0xcb22295d3da18cf15d607dd8ace5db9223ff9e8e,0
0x2f9e113434aebdd70bb99cb6505e1f726c578d6d,0
0xb4c8737dd9fd2a50f201ce2494d74c2c9bca3bb5,0
0x8498843f6d9046f7b59482978e152d61869203bc,0
0x43e65f8116174d1c38eed3545d21fc37ea34b565,0
0x7ae59f3f2b2e5f3842b50a15bcb5247c5de881be,0
0xb6989f472bef8931e6ca882b1f875539b7d5da19,0
0xf42c2b956bcab51abb6555f5a06ee582e4581c71,0
0xacc3d48b216eafbe0f943167c3087e7f0c642d6e,0
0x87059f8f4b922a486c85d7c07b24508553e0f5a8,0
0x899eb407e36965d58f300e1435e262281909f7be,0
0xcb77e0c9ca70c750fbe49c44f094e1f2dd4f599c,0
0x362b7e0599e950b921ca9d86336ca409208ffdec,0
0x4acb075efd8540850d0a86c156e2c7778022a9ea,0
0xde0e98f0ffb36ec69df57b8cc7ac886f506e9ae6,0
0x4effba37e8c7e34fc4241995b3380f2b9033c99f,0
0x752a1ec2358082d1e648e4fdaccc41d321d9ff6b,0
0x10c292a9b4b0d085e71590b67f99408a38f3e40a,0
0xe2e464938c866203228aca1603c77d0279bda31d,0
0x4831ddb6502ca45dbeedf58b47292061cdb6050b,0
0xfe4a7cb9c11f090b74811e8620f15cdf806b647b,0
0x55187a1165ebb441a1bf227fff1eb0d32a65bc46,0
0x6bd6109fb3bf59f67c86cab3bc09adb8b77485b7,0
0xcb3af325e2d0bafc3f082dcc6501f0140f4315ce,0
0xedc5999b1ec1759970a681b9f5c197dd0b474016,0
0xb548e7b80d321cc904cd8a2d9f774c59d96d83f7,0
0xcf544ed05e9c29c3ea3335111739e21d98945260,0
0xe4858769da34b4ad54dae96549ebd3ea45762f78,0
0x42eed31a8bb26099364b301ae087acfb037ba864,0
0x38bc91aa6aa434c4fae7e666f68c859292deed95,0
0x8558f502887a9a52c4b265d72327e0e529ff790d,0
0x63c3329720b993dec8af0018fb083dcba94e49e5,0
0x8999d8cb1d26c3f7388cb52de9ef4e6b1a10211f,0
0x8fae81bb674c89ccde35a386587333d074b57786,0
0x9220ebd3469bc37305d5926f541e2f495845e802,0
0xaa79b87dc8b046a5e4f7d03f1562d7fe5bf98737,0
0x25744247a760dd8c73eaa81307e1ff827e8bcfa3,0
0xb35e0a0d00c640ab75fad3cf3b83264bc64d23ec,0
0x58d7d9c971a613117e493062bec1a6a5484f2780,0
0xe19efaa0d37fa5e71f531fbe818c56593ab02b34,0
0xbda2ad692094b0818a62c8e822fb04ff67396baf,0
0x44770d93e1a426ddaf5923a738eace3d2fb65bc1,0
0x297aa50d0557c865f6c9b0aa0a91f41c26e55ee6,0
0x0000014ffa35ed6ad0d5c9c079c908716c113eb8,0
0x44c0fb885dd9f77693b44704dc40c4e31a308eea,0
0x1e917081e0f2d7ad58e732882ebc51e457df616c,0
0x00fbffb0953b79eb6ca82b390b35b852d388ceae,0
0xec2d4d8880f767a61cbd9acf13f58f2318558a44,0
0x93f38a40e451b17be5dc88898ece26c43a75b1c8,0
0x2afba221c12c35cb25a27966dbd5e3770e6194e5,0
0xb26b5137be5a7bb991fa63a36a8eaa3daf394b7b,0
0x9030352e478cb1afcdf7235f806a3a13dc963d52,0
0x84c9fac77e6909450a625cbf11d1be9addc62e77,0
0xba8765802198e5c19f2ba8fe9b0da2b225927aaf,0
0xe8e182da4c2514527296b9ca1115c25058078fe0,0
0x98940dd82b5e66d8ec340110d6e15be8a4086b64,0
0xdc1fc1361efc9efef65ff81ff3acadd421a577e1,0
0x76e4f864bbeb60bee66ff5bbcd32decaf7fbde71,0
0xc6a66a6d3def1aa601fdf132d8712a1831bb9a7b,0
0xe308ee20ee2528830f53364e84b47e0ed08d4efa,0
0x869d091c2c558810cb22a210c6a7f964898d72a1,0
0x1e3832d739cc563da1a98d0e3ff903e49baba86c,0
0xbc1500daaff721f626ef1a4f1a8c4e333648c5a4,0
0x2753804337109d205fa1d90e8348e90fff471237,0
0x2fe31177bbbf34f9b80be48b4dc56b1eb88192ad,0
0xe3dd2e59f26f9793f50183c1c405c0134b638c2d,0
0x98ad82ab467bc8c70e0cc183a5826d903751b7d8,0
0x9cf251a782ce7310d5bec0fe0a1c2b826d962545,0
0x762bbc211990d0a356f35e4d500843f59d223c2e,0
0x1021e61f2cdd8bb295b0e64a20ebb7d8ec3734bf,0
0x47ea9e812f39bc26f95cbf1fc36230558492133d,0
0x8d9cf2adcf647d78809077e35870a2e3f50bb113,0
0x85c7d244c6057d42c770ad85ae198fc5f47957fc,0
0x9ba214702d409bddbb819aef2e30fa8a6177ec97,0
0xede4f636bc9ff333b01c26ba8a37d13b82e40214,0
0x8a11d42be55217369ff6c5cee519d22c60952cfb,0
0xf911f24d3033e6e0948020ace70c003943d3a92e,0
0xdd03d2434c02c6bffb097b7130528f9568b6c70d,0
0x37bb0d2046b23a1fc3dc64140edfe89ef95b68c1,0
0xaa01dec5307cf17f20881a3286dcaa062578cea7,0
0xd1a5b91957530e1b3e9cfac1543467c60c352f69,0
0xc6e70206e0ab82d82933339b820feb124ec7ec5c,0
0x4b131cab52d3b2fba74c3763c0a41aaa75e6a75f,0
0xc0891e8fcea09680bfe9170809fad1bcca10b96b,0
0xca144bc972e07ac38c6d68542c291cfdcef2b31e,0
0xd5251d5ea14af271b2f2d32b627a6d34d811553b,0
0xfd6dc1a3be8c57cc2b640f3d5460cd8fe736b4e4,0
0x01935087b1da357a00cbdd1010b2b9647991fcf1,0
0x3fe4a67c56f2899c878b05af8944398bbfa85156,0
0x7e52082fd8ca9025e7e2c4da3fc7c4fef9fd9706,0
0x0f792e55668ad78476d4b563e6eb1228d636a71e,0
0x6e38911da6dd0379f1cac396f74387c95a1f0d21,0
0x072d63796c4fe69b306a23e1d01156d51f7b3e16,0
0x82c0bd9c20379ae7d08bd74bd7afb2a18c6dbd43,0
0xa85cdd5478b7e525a808ef9707c3e33432ce1e7f,0
0xb61f64f6f4a76459f2684056debdf447d8629d32,0
0x7aba73e2eea6f5e0415ec0a284cb979803dace27,0
0x9bf829eb2dea8109b098353e7c91629c7fc77f2a,0
0x6c945f17d835aabde9439e3e8553570e3651cab8,0
0xb19ca68eefd8378e34329d5f31b855f808820890,0
0x0b3bd83e857997b370fadc8504fb712244f6786c,0
0x1f30e1c0533005d5aa48383d4e85537f0290aff9,0
0x87704a8cecbbf36f3d2f785ef953ed9affc82b65,0
0x4e9a05226993f094a56a3472c8c816f2599423a6,0
0x0cb27e883e207905ad2a94f9b6ef0c7a99223c37,0
0xfe6afe37c8563c653bacd30924d2251ea5bb9740,0
0x65cbb0d8dae3d9e0145ef4ed72b6e9e8367fc1af,0
0x65f632cfe8015b7ae6976e549645ed04cde60fe4,0
0xbb0d2d6eccc20ad778a0fe7762ac20100c6d131f,0
0x10a84b835c5df26f2a380b3e00bcc84a66cd2d34,0
0x035e8a0a57f24fd10d447c6ce44524513dd6e09c,0
0x341c2f0e48087ce4e21ef0c75cd062629f496df8,0
0xdeb250add368b74ebccd59862d62fa4fb57e09d4,0
0x0d0c0941e2578da2b9e2ad03619615f7eebc48f7,0
0x30043aabbcebbd887437ec4f0cfe6d4c0eb5cc64,0
0x1e8c64fd8f94da1d0e23853118b7f73a7b467209,0
0x6d92b4284e31a0e30bceecab483e058a0089a29f,0
0x14d1a955e2467ee8d04d747eed647c7966e6ac06,0
0x38a03958c22065e13397b19c817e74e9477d5984,0
0x729db9852eb2896ea9888efc32aba14dff187d7b,0
0x2dcd860489cd099fb966d1729f890b8c5c997908,0
0x48b576c87e788a762d6f95a456f2a39113b46950,0
0x76b4b27b47f211448964ed2cf92f731412602700,0
0x97c12efa574923e3ee445370d2de432332857110,0
0xb8d2c7b8a47fcff4c0708c844a85b2b36ba53296,0
0x62bd9efe91cc1dbf5a5ae73541819c9e1b60ccf4,0
0x95add3dfef3ae0a832607dc71c4a9c6a6c2d7eb7,0
0xe56a0cc5a73b60c208aba49572838ee26947f766,0
0x9e66f34e895986c1918bd735b83f6d8e2a70fa3a,0
0x800791e9ff96ffea46ab13633ad58ec6c43c5421,0
0x71e71fcb29d4a677227137f48fcf127eef34630e,0
0xcba08346895f93331caea633efb83a9906bd219c,0
0xe22817a91a14d61cb3691954983663425f5513b1,0
0x9d17bb55b57b31329cf01aa7017948e398b277bc,0
0x02766e3d25bda6badcd34d7bcea5bf054990444a,0
0x1cb82ccbb3965e4df7c446b44c20f90b1c6ce9b2,0
0xdd7fbd024e7e484d41d14936a44709992c8a1e07,0
0x2619c03753bbfebfe2a5b4b3b7ca6d1a042af9ce,0
0x1b9365614f0f13ac264f4aceb497de494c72cf15,0
0x23ee51e614cbf138e4caba9ec5ed4ff7d27a8596,0
0xd61fa7454b484cbaa69a7f7c04b3610fbcf2514b,0
0x16f3f2f0ba34973937a1ebb989a295ca106b67c7,0
0x2f0b4b67793e1a564239fe900f949ff321d7469d,0
0xef96945175b17d7c13f5e534f6953fa94f0b7695,0
0x9ff46343d0b652d6e766f85f9ae91653869349a5,0
0x21de72a38ffc347a9cc63ddb374b054a8023a6c2,0
0x865528d9897d990cffca5fd1c90f0cab919c9794,0
0xb067c8705d9b59fcc73b3abd11d3aed36172aee3,0
0x644b63e356291d549ceae65c8be6fe2f9ad7dcd6,0
0x63c3774531ef83631111fe2cf01520fb3f5a68f7,0
0x9a387307f7508de113092bafc5cb4b3ae0706521,0
0xebe45812659d8a4fcc0703d478aba0ba56e49d9c,0
0x4853f81413eeff3c53baef6e9efe7383ac6a24fd,0
0x370f2b7cb212617ef1353bb20e8e66dc5950374f,0
0xc608df70777c89870e629354b25571f33cb82d56,0
0x7be20b02095944657275ed608615a39931d783f2,0
0x89fa6cd54f229f55c158325c79de2badf73d82be,0
0xa73064a00512aa5b6b9119cb4eb3fe3229269993,0
0xd2602c7bdfc9f413974e944280bbfae275d1b1b6,0
0x866fb5c93f24d244cd0e30b1686487aedbe396f5,0
0x41fd941bb20990b5bec8cb424f19397254707981,0
0xb4b98c463d55f0bf02454a781a8a8897f56d8c31,0
0xde87744be8848f411a982c80b80836b7164432e8,0
0xd22c1e726f0381f3e1d469f6693a71e37faf7792,0
0xd46e61d448568d00483d4e82b822381ee62c5774,0
0x3aa73ed90e9f0ced87ff99cb60ca79019279e6ce,0
0xc163041d404e7657530491577665e40da84c9bd7,0
0x6c3f373baec5d2d0fb3c82c4f3db5e48873ae363,0
0x25a411f95ad3b558a783f6730e7c7d8e297b0fee,0
0xe1555c6ee61366a3f90135dc704acd25c3247aca,0
0x744c6eed427af293b0106b46700fddd3c9f62eef,0
0x5754ac842d6eaf6a4e29101d46ac25d7c567311e,0
0xf6910d47fbb1f5518d60c721d4189936ecd5a1b6,0
0x316491ac016b00fa774062bc278f7c9b21adf627,0
0xdef6174361100a3935b589bf3a6f0c0bf8272ea9,0
0xbd56dba641a856a0afa8dc05bfe52368965bb04b,0
0x1bbeac736875c5043486a8a4374e6b5616ec8883,0
0xee52244b28bc18a6233934d8dc3556bd9103f199,0
0xa305b293e44a82f3cd489b5fb26084647bb5d8ae,0
0xd3fd8a8c4ff9c06c796d21658c6a1fcd91b2e1bb,0
0x4a5da2a1d3258df8ffb431cf0110fe9b98adeebf,0
0x5d47e5d242a8f66a6286b0a2353868875f5d6068,0
0x6cab1406d2e04cc3b442f7d585a85bacfb07ac6b,0
0xd08afa644e562e1b3d6e2385fdeb67912410f04f,0
0xff709659a2646d734ea5735829de2b2f51f82c27,0
0x4e934aa13be79944e5cb53257c41a3798ad221c8,0
0xfc967de4e029fdcd16b418dac2147d282c93085b,0
0x7650c86ba29782182e4b111f8daa8de8a3c8e22d,0
0x924657b110248cc5456562232351c49f795914c9,0
0x7526f39c34be653e1253a68fd756a7469c62b18e,0
0x02d9c84a495986b8b3c3347ad16849dcb1b9793e,0
0x2b5d8c0b9fb17e3c3b56fee12212c8e40ce4f1f2,0
0x59072b3a3287f4a75cadfb36d671a2f0d1959b09,0
0xf40cca17034fa8a698bc5fa7e7a5caf0b298452f,0
0xf2c601710cedc357b752408b7e5023b84819f953,0
0x0780b1456d5e60cf26c8cd6541b85e805c8c05f2,0
0x91ddd8933b0ce38365b297e7f86f36f911c346ef,0
0x4638349a09683bcebfc3c62c3dbe41b4b70e407b,0
0xeaceac3fe9b210724d19f151ffdba42c072333f6,0
0xb2fd1ff783e179144374d478436d6f2bb297a06a,0
0x269aa10398aaa695259c3e8211ab27a15004110c,0
0xdee4fbf0b62febe20000826eaeb939e2cc7876b4,0
0xb423a138fd171c28d90a5883a01ec92ff3d63609,0
0xac0daf3eef18a76b4fd0865864186eb72b683e29,0
0x3b78637e124f302ca73257ea6babc705ac0208dc,0
0xe4b420f15d6d878dcd0df7120ac0fc1509ee9cab,0
0xab4e4f9c9c394d72dbae834075fd4519d7290456,0
0x0025ab2d69f6c2c3ffac32ab6a16e18c807518b8,0
0x470d235ca1caff614abee02d98ac3aa89a6758bd,0
0xb8347063596445f5769a199bcf39372665d92673,0
0x65284e0158be1c58c9abe00bde4730e5d2098c90,0
0x52ce826ccd6f13645bc970690e33a85202b7d668,0
0xc3d43f8e008ccff959101b8d0d26562e84d2b204,0
0x0d6d769301e69ea908702103c04355fb2d338af0,0
0x053849fecffb84addee59653755b5cd0f1fb0354,0
0x30db01087febd7b67dc486812b322b4867cb8ca7,0
0x12846a6da4e729a6b5c33d32f93bf52ee3cae8c3,0
0xace1f1c6c5c89ae3fc3209ff92e7120fb74445aa,0
0x74d8967e812de34702ecd3d453a44bf37440b10b,0
0xcbf407c33d68a55cb594ffc8f4fd1416bba39da5,-1.1368683772161603e-13
0x1bb216120e8f939f520c610bdc3c88adac4b06f7,-1.1368683772161603e-13
0x300da191248a500b2174aed992d6697bf97f9139,-4.547473508864641e-13
0xe42b0fe568e7eb591bdf50351fe06b40230b6eba,-5.820766091346741e-11